<?xml version="1.0" encoding="UTF-8"?>

<Observation xmlns="http://hl7.org/fhir">
  <id value="MenopausalStatusPatient147"/>
  <meta>
    <profile value="http://hl7.org/fhir/uv/ichom-breast-cancer/StructureDefinition/menopausal-status"/>
  </meta>
  <text>
    <status value="generated"/><div xmlns="http://www.w3.org/1999/xhtml"><p><b>Generated Narrative: Observation</b><a name="MenopausalStatusPatient147"> </a></p><div style="display: inline-block; background-color: #d9e0e7; padding: 6px; margin: 4px; border: 1px solid #8da1b4; border-radius: 5px; line-height: 60%"><p style="margin-bottom: 0px">Resource Observation &quot;MenopausalStatusPatient147&quot; </p><p style="margin-bottom: 0px">Profile: <a href="StructureDefinition-menopausal-status.html">Menopausal status</a></p></div><p><b>status</b>: unknown</p><p><b>code</b>: Menopause, function (observable entity) <span style="background: LightGoldenRodYellow; margin: 4px; border: 1px solid khaki"> (<a href="https://browser.ihtsdotools.org/">SNOMED CT</a>#161712005)</span></p><p><b>subject</b>: <a href="Patient-BreastCancerPatient147.html">Patient/BreastCancerPatient147</a> &quot; LETSCHE&quot;</p><p><b>value</b>: 309606002 <span style="background: LightGoldenRodYellow; margin: 4px; border: 1px solid khaki"> (<a href="https://browser.ihtsdotools.org/">SNOMED CT</a>#309606002)</span></p></div>
  </text>
  <status value="unknown"/>
  <code>
    <coding>
      <system value="http://snomed.info/sct"/>
      <code value="161712005"/>
      <display value="Menopause, function (observable entity)"/>
    </coding>
  </code>
  <subject>
    <reference value="Patient/BreastCancerPatient147"/>
  </subject>
  <valueCodeableConcept>
    <coding>
      <system value="http://snomed.info/sct"/>
      <code value="309606002"/>
    </coding>
  </valueCodeableConcept>
</Observation>