<?xml version="1.0" encoding="UTF-8"?>

<Observation xmlns="http://hl7.org/fhir">
  <id value="TreatmentPlanFollowedPatient147"/>
  <meta>
    <profile value="http://hl7.org/fhir/uv/ichom-breast-cancer/StructureDefinition/treatment-plan-followed"/>
  </meta>
  <text>
    <status value="generated"/><div xmlns="http://www.w3.org/1999/xhtml"><p><b>Generated Narrative: Observation</b><a name="TreatmentPlanFollowedPatient147"> </a></p><div style="display: inline-block; background-color: #d9e0e7; padding: 6px; margin: 4px; border: 1px solid #8da1b4; border-radius: 5px; line-height: 60%"><p style="margin-bottom: 0px">Resource Observation &quot;TreatmentPlanFollowedPatient147&quot; </p><p style="margin-bottom: 0px">Profile: <a href="StructureDefinition-treatment-plan-followed.html">Real Treatment Plan Followed</a></p></div><p><b>basedOn</b>: <a href="CarePlan-TreatmentPlanPatient147.html">CarePlan/TreatmentPlanPatient147</a></p><p><b>status</b>: final</p><p><b>code</b>: Compliance care assessment <span style="background: LightGoldenRodYellow; margin: 4px; border: 1px solid khaki"> (<a href="https://browser.ihtsdotools.org/">SNOMED CT</a>#410110000)</span></p><p><b>subject</b>: <a href="Patient-BreastCancerPatient147.html">Patient/BreastCancerPatient147</a> &quot; LETSCHE&quot;</p><p><b>value</b>: Yes, fully followed <span style="background: LightGoldenRodYellow; margin: 4px; border: 1px solid khaki"> (<a href="CodeSystem-TreatmentPlanFollowedCodeSystem.html">Real Treatment Plan Followed CodeSystem</a>#yes)</span></p></div>
  </text>
  <basedOn>
    <reference value="CarePlan/TreatmentPlanPatient147"/>
  </basedOn>
  <status value="final"/>
  <code>
    <coding>
      <system value="http://snomed.info/sct"/>
      <code value="410110000"/>
      <display value="Compliance care assessment"/>
    </coding>
  </code>
  <subject>
    <reference value="Patient/BreastCancerPatient147"/>
  </subject>
  <valueCodeableConcept>
    <coding>
      <system value="http://hl7.org/fhir/uv/ichom-breast-cancer/CodeSystem/TreatmentPlanFollowedCodeSystem"/>
      <code value="yes"/>
      <display value="Yes, fully followed"/>
    </coding>
  </valueCodeableConcept>
</Observation>