<?xml version="1.0" encoding="UTF-8"?>

<Observation xmlns="http://hl7.org/fhir">
  <id value="OncotypePatient147"/>
  <meta>
    <profile value="http://hl7.org/fhir/uv/ichom-breast-cancer/StructureDefinition/oncotype-score"/>
  </meta>
  <text>
    <status value="generated"/><div xmlns="http://www.w3.org/1999/xhtml"><p><b>Generated Narrative: Observation</b><a name="OncotypePatient147"> </a></p><div style="display: inline-block; background-color: #d9e0e7; padding: 6px; margin: 4px; border: 1px solid #8da1b4; border-radius: 5px; line-height: 60%"><p style="margin-bottom: 0px">Resource Observation &quot;OncotypePatient147&quot; </p><p style="margin-bottom: 0px">Profile: <a href="StructureDefinition-oncotype-score.html">Oncotype Score</a></p></div><p><b>status</b>: final</p><p><b>code</b>: Oncotype Score <span style="background: LightGoldenRodYellow; margin: 4px; border: 1px solid khaki"> (<a href="CodeSystem-MolecularProfilingCodeSystem.html">Molecular Profiling CodeSystem</a>#oncotype)</span></p><p><b>subject</b>: <a href="Patient-BreastCancerPatient147.html">Patient/BreastCancerPatient147</a> &quot; LETSCHE&quot;</p><p><b>value</b>: 92</p></div>
  </text>
  <status value="final"/>
  <code>
    <coding>
      <system value="http://hl7.org/fhir/uv/ichom-breast-cancer/CodeSystem/MolecularProfilingCodeSystem"/>
      <code value="oncotype"/>
      <display value="Oncotype Score"/>
    </coding>
  </code>
  <subject>
    <reference value="Patient/BreastCancerPatient147"/>
  </subject>
  <valueQuantity>
    <value value="92"/>
  </valueQuantity>
</Observation>