<?xml version="1.0" encoding="UTF-8"?>

<Procedure xmlns="http://hl7.org/fhir">
  <id value="AxillaryClearancePatient147"/>
  <meta>
    <profile value="http://ig-ichombreastcancer.gabriellesantosleandro.com/StructureDefinition/axillary-clearance"/>
  </meta>
  <text>
    <status value="generated"/><div xmlns="http://www.w3.org/1999/xhtml"><p><b>Generated Narrative: Procedure</b><a name="AxillaryClearancePatient147"> </a></p><div style="display: inline-block; background-color: #d9e0e7; padding: 6px; margin: 4px; border: 1px solid #8da1b4; border-radius: 5px; line-height: 60%"><p style="margin-bottom: 0px">Resource Procedure &quot;AxillaryClearancePatient147&quot; </p><p style="margin-bottom: 0px">Profile: <a href="StructureDefinition-axillary-clearance.html">Axillary clearance</a></p></div><p><b>status</b>: completed</p><p><b>code</b>: Complete axillary lymphadenectomy <span style="background: LightGoldenRodYellow; margin: 4px; border: 1px solid khaki"> (<a href="https://browser.ihtsdotools.org/">SNOMED CT</a>#79544006)</span></p><p><b>subject</b>: <a href="Patient-BreastCancerPatient147.html">Patient/BreastCancerPatient147</a> &quot; LETSCHE&quot;</p><p><b>performed</b>: 2022-02-12</p><p><b>reasonReference</b>: <a href="Procedure-AxillaSurgeryPatient147.html">Procedure/AxillaSurgeryPatient147</a></p></div>
  </text>
  <status value="completed"/>
  <code>
    <coding>
      <system value="http://snomed.info/sct"/>
      <code value="79544006"/>
      <display value="Complete axillary lymphadenectomy"/>
    </coding>
  </code>
  <subject>
    <reference value="Patient/BreastCancerPatient147"/>
  </subject>
  <performedDateTime value="2022-02-12"/>
  <reasonReference>
    <reference value="Procedure/AxillaSurgeryPatient147"/>
  </reasonReference>
</Procedure>