<?xml version="1.0" encoding="UTF-8"?>

<ValueSet xmlns="http://hl7.org/fhir">
  <id value="GradingVS"/>
  <text>
    <status value="extensions"/><div xmlns="http://www.w3.org/1999/xhtml"><p>This value set includes codes based on the following rules:</p><ul><li>Include these codes as defined in <a href="http://www.snomed.org/"><code>http://snomed.info/sct</code></a><table class="none"><tr><td style="white-space:nowrap"><b>Code</b></td><td><b>Display</b></td></tr><tr><td><a href="http://snomed.info/id/399415002">399415002</a></td><td>Low grade histologic differentiation (finding)</td></tr><tr><td><a href="http://snomed.info/id/405986005">405986005</a></td><td>Intermediate grade histologic differentiation (finding)</td></tr><tr><td><a href="http://snomed.info/id/399611001">399611001</a></td><td>High grade histologic differentiation (finding)</td></tr></table></li><li>Include these codes as defined in <a href="http://terminology.hl7.org/5.0.0/CodeSystem-v3-NullFlavor.html"><code>http://terminology.hl7.org/CodeSystem/v3-NullFlavor</code></a><table class="none"><tr><td style="white-space:nowrap"><b>Code</b></td><td><b>Display</b></td><td><b>Definition</b></td></tr><tr><td><a href="http://terminology.hl7.org/5.0.0/CodeSystem-v3-NullFlavor.html#v3-NullFlavor-NI">NI</a></td><td>No information</td><td>**Description:**The value is exceptional (missing, omitted, incomplete, improper). No information as to the reason for being an exceptional value is provided. This is the most general exceptional value. It is also the default exceptional value.</td></tr></table></li></ul></div>
  </text>
  <extension url="http://hl7.org/fhir/StructureDefinition/structuredefinition-fmm">
    <valueInteger value="2">
      <extension url="http://hl7.org/fhir/StructureDefinition/structuredefinition-conformance-derivedFrom">
        <valueCanonical value="http://ig-ichombreastcancer.gabriellesantosleandro.com/ImplementationGuide/hl7.fhir.uv.ichom-breast-cancer"/>
      </extension>
    </valueInteger>
  </extension>
  <extension url="http://hl7.org/fhir/StructureDefinition/structuredefinition-standards-status">
    <valueCode value="trial-use">
      <extension url="http://hl7.org/fhir/StructureDefinition/structuredefinition-conformance-derivedFrom">
        <valueCanonical value="http://ig-ichombreastcancer.gabriellesantosleandro.com/ImplementationGuide/hl7.fhir.uv.ichom-breast-cancer"/>
      </extension>
    </valueCode>
  </extension>
  <url value="http://ig-ichombreastcancer.gabriellesantosleandro.com/ValueSet/GradingVS"/>
  <version value="1.0.0"/>
  <name value="GradingVS"/>
  <title value="Grading of tumor ValueSet"/>
  <status value="active"/>
  <experimental value="false"/>
  <date value="2023-11-13T00:07:26-03:00"/>
  <publisher value="HL7 International - Clinical Interoperability Council Group"/>
  <contact>
    <name value="HL7 International - Clinical Interoperability Council Group"/>
    <telecom>
      <system value="url"/>
      <value value="http://www.hl7.org/Special/committees/cic"/>
    </telecom>
  </contact>
  <description value="Valueset of the grade of the tumor"/>
  <jurisdiction>
    <coding>
      <system value="http://unstats.un.org/unsd/methods/m49/m49.htm"/>
      <code value="001"/>
      <display value="World"/>
    </coding>
  </jurisdiction>
  <copyright value="This value set includes content from SNOMED CT, which is copyright © 2002+ International Health Terminology Standards Development Organisation (IHTSDO), and distributed by agreement between IHTSDO and HL7. Implementer use of SNOMED CT is not covered by this agreement"/>
  <compose>
    <include>
      <system value="http://snomed.info/sct"/>
      <concept>
        <code value="399415002"/>
        <display value="Low grade histologic differentiation (finding)"/>
      </concept>
      <concept>
        <code value="405986005"/>
        <display value="Intermediate grade histologic differentiation (finding)"/>
      </concept>
      <concept>
        <code value="399611001"/>
        <display value="High grade histologic differentiation (finding)"/>
      </concept>
    </include>
    <include>
      <system value="http://terminology.hl7.org/CodeSystem/v3-NullFlavor"/>
      <concept>
        <code value="NI"/>
        <display value="No information"/>
      </concept>
    </include>
  </compose>
</ValueSet>