<?xml version="1.0" encoding="UTF-8"?>

<ValueSet xmlns="http://hl7.org/fhir">
  <id value="SACQPatientComorbidityHistory"/>
  <text>
    <status value="extensions"/><div xmlns="http://www.w3.org/1999/xhtml"><p>This value set includes codes based on the following rules:</p><ul><li>Include these codes as defined in <a href="http://www.snomed.org/"><code>http://snomed.info/sct</code></a><table class="none"><tr><td style="white-space:nowrap"><b>Code</b></td><td><b>Display</b></td></tr><tr><td><a href="http://snomed.info/id/373572006">373572006</a></td><td>I have no other diseases</td></tr><tr><td><a href="http://snomed.info/id/56265001">56265001</a></td><td>Heart disease (For example, angina, heart attack, or heart failure)</td></tr><tr><td><a href="http://snomed.info/id/38341003">38341003</a></td><td>High blood pressure</td></tr><tr><td><a href="http://snomed.info/id/19829001">19829001</a></td><td>Lung disease (For example,  asthma, chronic bronchitis, or emphysema)</td></tr><tr><td><a href="http://snomed.info/id/73211009">73211009</a></td><td>Diabetes</td></tr><tr><td><a href="http://snomed.info/id/29384001">29384001</a></td><td>Ulcer or stomach disease</td></tr><tr><td><a href="http://snomed.info/id/90708001">90708001</a></td><td>Kidney disease</td></tr><tr><td><a href="http://snomed.info/id/235856003">235856003</a></td><td>Liver disease</td></tr><tr><td><a href="http://snomed.info/id/414022008">414022008</a></td><td>Anemia or other blood disease</td></tr><tr><td><a href="http://snomed.info/id/363346000">363346000</a></td><td>Cancer/Other cancer (within the last 5 years)</td></tr><tr><td><a href="http://snomed.info/id/35489007">35489007</a></td><td>Depression</td></tr><tr><td><a href="http://snomed.info/id/396275006">396275006</a></td><td>Osteoarthritis, degenerative arthritis</td></tr><tr><td><a href="http://snomed.info/id/161891005">161891005</a></td><td>Back pain</td></tr><tr><td><a href="http://snomed.info/id/69896004">69896004</a></td><td>Rheumatoid arthritis</td></tr></table></li><li>Include these codes as defined in <a href="http://terminology.hl7.org/5.0.0/CodeSystem-v3-NullFlavor.html"><code>http://terminology.hl7.org/CodeSystem/v3-NullFlavor</code></a><table class="none"><tr><td style="white-space:nowrap"><b>Code</b></td><td><b>Display</b></td><td><b>Definition</b></td></tr><tr><td><a href="http://terminology.hl7.org/5.0.0/CodeSystem-v3-NullFlavor.html#v3-NullFlavor-OTH">OTH</a></td><td>Other medical problems</td><td>**Description:**The actual value is not a member of the set of permitted data values in the constrained value domain of a variable. (e.g., concept not provided by required code system).<br/><br/>**Usage Notes**: This flavor and its specializations are most commonly used with the CD datatype and its flavors. However, it may apply to \*any\* datatype where the constraints of the type are tighter than can be conveyed. For example, a PQ that is for a true measured amount whose units are not supported in UCUM, a need to convey a REAL when the type has been constrained to INT, etc.<br/><br/>With coded datatypes, this null flavor may only be used if the vocabulary binding has a coding strength of CNE. By definition, all local codes and original text are part of the value set if the coding strength is CWE.</td></tr></table></li></ul></div>
  </text>
  <extension url="http://hl7.org/fhir/StructureDefinition/structuredefinition-fmm">
    <valueInteger value="2">
      <extension url="http://hl7.org/fhir/StructureDefinition/structuredefinition-conformance-derivedFrom">
        <valueCanonical value="http://ig-ichombreastcancer.gabriellesantosleandro.com/ImplementationGuide/hl7.fhir.uv.ichom-breast-cancer"/>
      </extension>
    </valueInteger>
  </extension>
  <extension url="http://hl7.org/fhir/StructureDefinition/structuredefinition-standards-status">
    <valueCode value="trial-use">
      <extension url="http://hl7.org/fhir/StructureDefinition/structuredefinition-conformance-derivedFrom">
        <valueCanonical value="http://ig-ichombreastcancer.gabriellesantosleandro.com/ImplementationGuide/hl7.fhir.uv.ichom-breast-cancer"/>
      </extension>
    </valueCode>
  </extension>
  <url value="http://ig-ichombreastcancer.gabriellesantosleandro.com/ValueSet/SACQPatientComorbidityHistory"/>
  <version value="1.0.0"/>
  <name value="SACQPatientComorbidityHistory"/>
  <title value="SACQ Patient's comorbidity history ValueSet"/>
  <status value="active"/>
  <experimental value="false"/>
  <date value="2023-11-13T00:07:26-03:00"/>
  <publisher value="HL7 International - Clinical Interoperability Council Group"/>
  <contact>
    <name value="HL7 International - Clinical Interoperability Council Group"/>
    <telecom>
      <system value="url"/>
      <value value="http://www.hl7.org/Special/committees/cic"/>
    </telecom>
  </contact>
  <description value="Patient's documented history of comorbidities"/>
  <jurisdiction>
    <coding>
      <system value="http://unstats.un.org/unsd/methods/m49/m49.htm"/>
      <code value="001"/>
      <display value="World"/>
    </coding>
  </jurisdiction>
  <copyright value="This value set includes content from SNOMED CT, which is copyright © 2002+ International Health Terminology Standards Development Organisation (IHTSDO), and distributed by agreement between IHTSDO and HL7. Implementer use of SNOMED CT is not covered by this agreement"/>
  <compose>
    <include>
      <system value="http://snomed.info/sct"/>
      <concept>
        <code value="373572006"/>
        <display value="I have no other diseases"/>
      </concept>
      <concept>
        <code value="56265001"/>
        <display value="Heart disease (For example, angina, heart attack, or heart failure)"/>
      </concept>
      <concept>
        <code value="38341003"/>
        <display value="High blood pressure"/>
      </concept>
      <concept>
        <code value="19829001"/>
        <display value="Lung disease (For example,  asthma, chronic bronchitis, or emphysema)"/>
      </concept>
      <concept>
        <code value="73211009"/>
        <display value="Diabetes"/>
      </concept>
      <concept>
        <code value="29384001"/>
        <display value="Ulcer or stomach disease"/>
      </concept>
      <concept>
        <code value="90708001"/>
        <display value="Kidney disease"/>
      </concept>
      <concept>
        <code value="235856003"/>
        <display value="Liver disease"/>
      </concept>
      <concept>
        <code value="414022008"/>
        <display value="Anemia or other blood disease"/>
      </concept>
      <concept>
        <code value="363346000"/>
        <display value="Cancer/Other cancer (within the last 5 years)"/>
      </concept>
      <concept>
        <code value="35489007"/>
        <display value="Depression"/>
      </concept>
      <concept>
        <code value="396275006"/>
        <display value="Osteoarthritis, degenerative arthritis"/>
      </concept>
      <concept>
        <code value="161891005"/>
        <display value="Back pain"/>
      </concept>
      <concept>
        <code value="69896004"/>
        <display value="Rheumatoid arthritis"/>
      </concept>
    </include>
    <include>
      <system value="http://terminology.hl7.org/CodeSystem/v3-NullFlavor"/>
      <concept>
        <code value="OTH"/>
        <display value="Other medical problems"/>
      </concept>
    </include>
  </compose>
</ValueSet>