<?xml version="1.0" encoding="UTF-8"?>

<ValueSet xmlns="http://hl7.org/fhir">
  <id value="EducationLevelVS"/>
  <text>
    <status value="generated"/><div xmlns="http://www.w3.org/1999/xhtml"><ul><li>Include these codes as defined in <a href="http://www.snomed.org/"><code>http://snomed.info/sct</code></a><table class="none"><tr><td style="white-space:nowrap"><b>Code</b></td><td><b>Display</b></td></tr><tr><td><a href="http://snomed.info/id/224294005">224294005</a></td><td>No formal education (finding)</td></tr><tr><td><a href="http://snomed.info/id/224295006">224295006</a></td><td>Only received primary school education (finding)</td></tr><tr><td><a href="http://snomed.info/id/224297003">224297003</a></td><td>Educated to secondary school level (finding)</td></tr><tr><td><a href="http://snomed.info/id/224299000">224299000</a></td><td>Received higher education (finding)</td></tr></table></li></ul></div>
  </text>
  <extension url="http://hl7.org/fhir/StructureDefinition/structuredefinition-fmm">
    <valueInteger value="2">
      <extension url="http://hl7.org/fhir/StructureDefinition/structuredefinition-conformance-derivedFrom">
        <valueCanonical value="http://hl7.org/fhir/uv/ichom-breast-cancer/ImplementationGuide/hl7.fhir.uv.ichom-breast-cancer"/>
      </extension>
    </valueInteger>
  </extension>
  <extension url="http://hl7.org/fhir/StructureDefinition/structuredefinition-standards-status">
    <valueCode value="trial-use">
      <extension url="http://hl7.org/fhir/StructureDefinition/structuredefinition-conformance-derivedFrom">
        <valueCanonical value="http://hl7.org/fhir/uv/ichom-breast-cancer/ImplementationGuide/hl7.fhir.uv.ichom-breast-cancer"/>
      </extension>
    </valueCode>
  </extension>
  <url value="http://hl7.org/fhir/uv/ichom-breast-cancer/ValueSet/EducationLevelVS"/>
  <version value="1.0.0"/>
  <name value="EducationLevelVS"/>
  <title value="Education level of patient ValueSet"/>
  <status value="active"/>
  <experimental value="false"/>
  <date value="2023-10-15T00:28:22+00:00"/>
  <publisher value="HL7 International - Clinical Interoperability Council Group"/>
  <contact>
    <name value="HL7 International - Clinical Interoperability Council Group"/>
    <telecom>
      <system value="url"/>
      <value value="http://www.hl7.org/Special/committees/cic"/>
    </telecom>
  </contact>
  <description value="Valueset of the education level of a patient"/>
  <jurisdiction>
    <coding>
      <system value="http://unstats.un.org/unsd/methods/m49/m49.htm"/>
      <code value="001"/>
      <display value="World"/>
    </coding>
  </jurisdiction>
  <copyright value="This value set includes content from SNOMED CT, which is copyright © 2002+ International Health Terminology Standards Development Organisation (IHTSDO), and distributed by agreement between IHTSDO and HL7. Implementer use of SNOMED CT is not covered by this agreement"/>
  <compose>
    <include>
      <system value="http://snomed.info/sct"/>
      <concept>
        <code value="224294005"/>
        <display value="No formal education (finding)"/>
      </concept>
      <concept>
        <code value="224295006"/>
        <display value="Only received primary school education (finding)"/>
      </concept>
      <concept>
        <code value="224297003"/>
        <display value="Educated to secondary school level (finding)"/>
      </concept>
      <concept>
        <code value="224299000"/>
        <display value="Received higher education (finding)"/>
      </concept>
    </include>
  </compose>
</ValueSet>