<?xml version="1.0" encoding="UTF-8"?>

<ValueSet xmlns="http://hl7.org/fhir">
  <id value="ComplicationTypeVS"/>
  <text>
    <status value="extensions"/><div xmlns="http://www.w3.org/1999/xhtml"><p>This value set includes codes based on the following rules:</p><ul><li>Include these codes as defined in <a href="http://www.snomed.org/"><code>http://snomed.info/sct</code></a><table class="none"><tr><td style="white-space:nowrap"><b>Code</b></td><td><b>Display</b></td></tr><tr><td><a href="http://snomed.info/id/76844004">76844004</a></td><td>Local infection of wound</td></tr><tr><td><a href="http://snomed.info/id/715068009">715068009</a></td><td>Seroma</td></tr><tr><td><a href="http://snomed.info/id/385494008">385494008</a></td><td>Hematoma</td></tr><tr><td><a href="http://snomed.info/id/131148009">131148009</a></td><td>Bleeding</td></tr><tr><td><a href="http://snomed.info/id/403678005">403678005</a></td><td>Skin flap necrosis</td></tr><tr><td><a href="http://snomed.info/id/27315000">27315000</a></td><td>Removal of breast implant</td></tr><tr><td><a href="http://snomed.info/id/371039008">371039008</a></td><td>Thromboembolic disorder</td></tr><tr><td><a href="http://snomed.info/id/57182000">57182000</a></td><td>Nerve injury</td></tr><tr><td><a href="http://snomed.info/id/403675008">403675008</a></td><td>Drug-induced dermatosis</td></tr><tr><td><a href="http://snomed.info/id/233604007">233604007</a></td><td>Pneumonia</td></tr><tr><td><a href="http://snomed.info/id/443980004">443980004</a></td><td>Neutropenic sepsis</td></tr></table></li><li>Include these codes as defined in <a href="CodeSystem-ComplicationTypeCodeSystem.html"><code>http://ig-ichombreastcancer.gabriellesantosleandro.com/CodeSystem/ComplicationTypeCodeSystem</code></a><table class="none"><tr><td style="white-space:nowrap"><b>Code</b></td><td><b>Display</b></td></tr><tr><td><a href="CodeSystem-ComplicationTypeCodeSystem.html#ComplicationTypeCodeSystem-partial-loss">partial-loss</a></td><td>Partial autologous graft loss</td></tr><tr><td><a href="CodeSystem-ComplicationTypeCodeSystem.html#ComplicationTypeCodeSystem-total-loss">total-loss</a></td><td>Total autologous graft loss</td></tr><tr><td><a href="CodeSystem-ComplicationTypeCodeSystem.html#ComplicationTypeCodeSystem-delay-wound">delay-wound</a></td><td>Delay wound healing/dehiscence</td></tr><tr><td><a href="CodeSystem-ComplicationTypeCodeSystem.html#ComplicationTypeCodeSystem-immune-toxicity">immune-toxicity</a></td><td>Immune related toxicity</td></tr></table></li><li>Include these codes as defined in <a href="http://terminology.hl7.org/5.0.0/CodeSystem-v3-NullFlavor.html"><code>http://terminology.hl7.org/CodeSystem/v3-NullFlavor</code></a><table class="none"><tr><td style="white-space:nowrap"><b>Code</b></td><td><b>Display</b></td><td><b>Definition</b></td></tr><tr><td><a href="http://terminology.hl7.org/5.0.0/CodeSystem-v3-NullFlavor.html#v3-NullFlavor-UNK">UNK</a></td><td>unknown</td><td>**Description:**A proper value is applicable, but not known.<br/><br/>**Usage Notes**: This means the actual value is not known. If the only thing that is unknown is how to properly express the value in the necessary constraints (value set, datatype, etc.), then the OTH or UNC flavor should be used. No properties should be included for a datatype with this property unless:<br/><br/>1.  Those properties themselves directly translate to a semantic of &quot;unknown&quot;. (E.g. a local code sent as a translation that conveys 'unknown')<br/>2.  Those properties further qualify the nature of what is unknown. (E.g. specifying a use code of &quot;H&quot; and a URL prefix of &quot;tel:&quot; to convey that it is the home phone number that is unknown.)</td></tr><tr><td><a href="http://terminology.hl7.org/5.0.0/CodeSystem-v3-NullFlavor.html#v3-NullFlavor-OTH">OTH</a></td><td>other</td><td>**Description:**The actual value is not a member of the set of permitted data values in the constrained value domain of a variable. (e.g., concept not provided by required code system).<br/><br/>**Usage Notes**: This flavor and its specializations are most commonly used with the CD datatype and its flavors. However, it may apply to \*any\* datatype where the constraints of the type are tighter than can be conveyed. For example, a PQ that is for a true measured amount whose units are not supported in UCUM, a need to convey a REAL when the type has been constrained to INT, etc.<br/><br/>With coded datatypes, this null flavor may only be used if the vocabulary binding has a coding strength of CNE. By definition, all local codes and original text are part of the value set if the coding strength is CWE.</td></tr></table></li></ul></div>
  </text>
  <extension url="http://hl7.org/fhir/StructureDefinition/structuredefinition-fmm">
    <valueInteger value="2">
      <extension url="http://hl7.org/fhir/StructureDefinition/structuredefinition-conformance-derivedFrom">
        <valueCanonical value="http://ig-ichombreastcancer.gabriellesantosleandro.com/ImplementationGuide/hl7.fhir.uv.ichom-breast-cancer"/>
      </extension>
    </valueInteger>
  </extension>
  <extension url="http://hl7.org/fhir/StructureDefinition/structuredefinition-standards-status">
    <valueCode value="trial-use">
      <extension url="http://hl7.org/fhir/StructureDefinition/structuredefinition-conformance-derivedFrom">
        <valueCanonical value="http://ig-ichombreastcancer.gabriellesantosleandro.com/ImplementationGuide/hl7.fhir.uv.ichom-breast-cancer"/>
      </extension>
    </valueCode>
  </extension>
  <url value="http://ig-ichombreastcancer.gabriellesantosleandro.com/ValueSet/ComplicationTypeVS"/>
  <version value="1.0.0"/>
  <name value="ComplicationTypeVS"/>
  <title value="Type of complication ValueSet"/>
  <status value="active"/>
  <experimental value="false"/>
  <date value="2023-11-13T01:02:30-03:00"/>
  <publisher value="HL7 International - Clinical Interoperability Council Group"/>
  <contact>
    <name value="HL7 International - Clinical Interoperability Council Group"/>
    <telecom>
      <system value="url"/>
      <value value="http://www.hl7.org/Special/committees/cic"/>
    </telecom>
  </contact>
  <description value="ValueSet of the type of complication experienced by the breast cancer patient"/>
  <jurisdiction>
    <coding>
      <system value="http://unstats.un.org/unsd/methods/m49/m49.htm"/>
      <code value="001"/>
      <display value="World"/>
    </coding>
  </jurisdiction>
  <copyright value="This value set includes content from SNOMED CT, which is copyright © 2002+ International Health Terminology Standards Development Organisation (IHTSDO), and distributed by agreement between IHTSDO and HL7. Implementer use of SNOMED CT is not covered by this agreement"/>
  <compose>
    <include>
      <system value="http://snomed.info/sct"/>
      <concept>
        <code value="76844004"/>
        <display value="Local infection of wound"/>
      </concept>
      <concept>
        <code value="715068009"/>
        <display value="Seroma"/>
      </concept>
      <concept>
        <code value="385494008"/>
        <display value="Hematoma"/>
      </concept>
      <concept>
        <code value="131148009"/>
        <display value="Bleeding"/>
      </concept>
      <concept>
        <code value="403678005"/>
        <display value="Skin flap necrosis"/>
      </concept>
      <concept>
        <code value="27315000"/>
        <display value="Removal of breast implant"/>
      </concept>
      <concept>
        <code value="371039008"/>
        <display value="Thromboembolic disorder"/>
      </concept>
      <concept>
        <code value="57182000"/>
        <display value="Nerve injury"/>
      </concept>
      <concept>
        <code value="403675008"/>
        <display value="Drug-induced dermatosis"/>
      </concept>
      <concept>
        <code value="233604007"/>
        <display value="Pneumonia"/>
      </concept>
      <concept>
        <code value="443980004"/>
        <display value="Neutropenic sepsis"/>
      </concept>
    </include>
    <include>
      <system value="http://ig-ichombreastcancer.gabriellesantosleandro.com/CodeSystem/ComplicationTypeCodeSystem"/>
      <concept>
        <code value="partial-loss"/>
        <display value="Partial autologous graft loss"/>
      </concept>
      <concept>
        <code value="total-loss"/>
        <display value="Total autologous graft loss"/>
      </concept>
      <concept>
        <code value="delay-wound"/>
        <display value="Delay wound healing/dehiscence"/>
      </concept>
      <concept>
        <code value="immune-toxicity"/>
        <display value="Immune related toxicity"/>
      </concept>
    </include>
    <include>
      <system value="http://terminology.hl7.org/CodeSystem/v3-NullFlavor"/>
      <concept>
        <code value="UNK"/>
        <display value="unknown"/>
      </concept>
      <concept>
        <code value="OTH"/>
        <display value="other"/>
      </concept>
    </include>
  </compose>
</ValueSet>