<?xml version="1.0" encoding="UTF-8"?>

<ValueSet xmlns="http://hl7.org/fhir">
  <id value="TreatmentTypeVS"/>
  <text>
    <status value="extensions"/><div xmlns="http://www.w3.org/1999/xhtml"><p>This value set includes codes based on the following rules:</p><ul><li>Include these codes as defined in <a href="CodeSystem-TreatmentTypesCodeSystem.html"><code>http://ig-ichombreastcancer.gabriellesantosleandro.com/CodeSystem/TreatmentTypesCodeSystem</code></a><table class="none"><tr><td style="white-space:nowrap"><b>Code</b></td><td><b>Display</b></td></tr><tr><td><a href="CodeSystem-TreatmentTypesCodeSystem.html#TreatmentTypesCodeSystem-no-treatment">no-treatment</a></td><td>No treatment</td></tr><tr><td><a href="CodeSystem-TreatmentTypesCodeSystem.html#TreatmentTypesCodeSystem-adjuvant-chemotherapy">adjuvant-chemotherapy</a></td><td>Adjuvant chemotherapy</td></tr><tr><td><a href="CodeSystem-TreatmentTypesCodeSystem.html#TreatmentTypesCodeSystem-neoadjuvant-chemotherapy">neoadjuvant-chemotherapy</a></td><td>Neoadjuvant chemotherapy</td></tr><tr><td><a href="CodeSystem-TreatmentTypesCodeSystem.html#TreatmentTypesCodeSystem-targeted-therapy">targeted-therapy</a></td><td>Targeted therapy</td></tr></table></li><li>Include these codes as defined in <a href="http://www.snomed.org/"><code>http://snomed.info/sct</code></a><table class="none"><tr><td style="white-space:nowrap"><b>Code</b></td><td><b>Display</b></td></tr><tr><td><a href="http://snomed.info/id/387713003">387713003</a></td><td>Surgical procedure</td></tr><tr><td><a href="http://snomed.info/id/699455008">699455008</a></td><td>Operative procedure on axilla</td></tr><tr><td><a href="http://snomed.info/id/33496007">33496007</a></td><td>Reconstruction of breast</td></tr><tr><td><a href="http://snomed.info/id/108290001">108290001</a></td><td>Radiation oncology AND/OR radiotherapy</td></tr><tr><td><a href="http://snomed.info/id/169413002">169413002</a></td><td>Hormone therapy</td></tr><tr><td><a href="http://snomed.info/id/76334006">76334006</a></td><td>Immunotherapy</td></tr><tr><td><a href="http://snomed.info/id/243114000">243114000</a></td><td>Support</td></tr></table></li><li>Include these codes as defined in <a href="http://terminology.hl7.org/5.0.0/CodeSystem-v3-NullFlavor.html"><code>http://terminology.hl7.org/CodeSystem/v3-NullFlavor</code></a><table class="none"><tr><td style="white-space:nowrap"><b>Code</b></td><td><b>Display</b></td><td><b>Definition</b></td></tr><tr><td><a href="http://terminology.hl7.org/5.0.0/CodeSystem-v3-NullFlavor.html#v3-NullFlavor-UNK">UNK</a></td><td>unknown</td><td>**Description:**A proper value is applicable, but not known.<br/><br/>**Usage Notes**: This means the actual value is not known. If the only thing that is unknown is how to properly express the value in the necessary constraints (value set, datatype, etc.), then the OTH or UNC flavor should be used. No properties should be included for a datatype with this property unless:<br/><br/>1.  Those properties themselves directly translate to a semantic of &quot;unknown&quot;. (E.g. a local code sent as a translation that conveys 'unknown')<br/>2.  Those properties further qualify the nature of what is unknown. (E.g. specifying a use code of &quot;H&quot; and a URL prefix of &quot;tel:&quot; to convey that it is the home phone number that is unknown.)</td></tr></table></li></ul></div>
  </text>
  <extension url="http://hl7.org/fhir/StructureDefinition/structuredefinition-fmm">
    <valueInteger value="2">
      <extension url="http://hl7.org/fhir/StructureDefinition/structuredefinition-conformance-derivedFrom">
        <valueCanonical value="http://ig-ichombreastcancer.gabriellesantosleandro.com/ImplementationGuide/hl7.fhir.uv.ichom-breast-cancer"/>
      </extension>
    </valueInteger>
  </extension>
  <extension url="http://hl7.org/fhir/StructureDefinition/structuredefinition-standards-status">
    <valueCode value="trial-use">
      <extension url="http://hl7.org/fhir/StructureDefinition/structuredefinition-conformance-derivedFrom">
        <valueCanonical value="http://ig-ichombreastcancer.gabriellesantosleandro.com/ImplementationGuide/hl7.fhir.uv.ichom-breast-cancer"/>
      </extension>
    </valueCode>
  </extension>
  <url value="http://ig-ichombreastcancer.gabriellesantosleandro.com/ValueSet/TreatmentTypeVS"/>
  <version value="1.0.0"/>
  <name value="TreatmentTypeVS"/>
  <title value="Type of treatments ValueSet"/>
  <status value="active"/>
  <experimental value="false"/>
  <date value="2023-11-13T00:07:26-03:00"/>
  <publisher value="HL7 International - Clinical Interoperability Council Group"/>
  <contact>
    <name value="HL7 International - Clinical Interoperability Council Group"/>
    <telecom>
      <system value="url"/>
      <value value="http://www.hl7.org/Special/committees/cic"/>
    </telecom>
  </contact>
  <description value="Valueset of the kind of treatment a patient with breastcancer underwent"/>
  <jurisdiction>
    <coding>
      <system value="http://unstats.un.org/unsd/methods/m49/m49.htm"/>
      <code value="001"/>
      <display value="World"/>
    </coding>
  </jurisdiction>
  <copyright value="This value set includes content from SNOMED CT, which is copyright © 2002+ International Health Terminology Standards Development Organisation (IHTSDO), and distributed by agreement between IHTSDO and HL7. Implementer use of SNOMED CT is not covered by this agreement"/>
  <compose>
    <include>
      <system value="http://ig-ichombreastcancer.gabriellesantosleandro.com/CodeSystem/TreatmentTypesCodeSystem"/>
      <concept>
        <code value="no-treatment"/>
        <display value="No treatment"/>
      </concept>
      <concept>
        <code value="adjuvant-chemotherapy"/>
        <display value="Adjuvant chemotherapy"/>
      </concept>
      <concept>
        <code value="neoadjuvant-chemotherapy"/>
        <display value="Neoadjuvant chemotherapy"/>
      </concept>
      <concept>
        <code value="targeted-therapy"/>
        <display value="Targeted therapy"/>
      </concept>
    </include>
    <include>
      <system value="http://snomed.info/sct"/>
      <concept>
        <code value="387713003"/>
        <display value="Surgical procedure"/>
      </concept>
      <concept>
        <code value="699455008"/>
        <display value="Operative procedure on axilla"/>
      </concept>
      <concept>
        <code value="33496007"/>
        <display value="Reconstruction of breast"/>
      </concept>
      <concept>
        <code value="108290001"/>
        <display value="Radiation oncology AND/OR radiotherapy"/>
      </concept>
      <concept>
        <code value="169413002"/>
        <display value="Hormone therapy"/>
      </concept>
      <concept>
        <code value="76334006"/>
        <display value="Immunotherapy"/>
      </concept>
      <concept>
        <code value="243114000"/>
        <display value="Support"/>
      </concept>
    </include>
    <include>
      <system value="http://terminology.hl7.org/CodeSystem/v3-NullFlavor"/>
      <concept>
        <code value="UNK"/>
        <display value="unknown"/>
      </concept>
    </include>
  </compose>
</ValueSet>