<?xml version="1.0" encoding="UTF-8"?>

<ValueSet xmlns="http://hl7.org/fhir">
  <id value="TreatmentPlanComplianceVS"/>
  <text>
    <status value="generated"/><div xmlns="http://www.w3.org/1999/xhtml"><ul><li>Include these codes as defined in <a href="CodeSystem-TreatmentPlanComplianceCodeSystem.html"><code>http://ig-ichombreastcancer.gabriellesantosleandro.com/CodeSystem/TreatmentPlanComplianceCodeSystem</code></a><table class="none"><tr><td style="white-space:nowrap"><b>Code</b></td><td><b>Display</b></td></tr><tr><td><a href="CodeSystem-TreatmentPlanComplianceCodeSystem.html#TreatmentPlanComplianceCodeSystem-reason-for-not-following">reason-for-not-following</a></td><td>Reason for not following original treatment plan</td></tr><tr><td><a href="CodeSystem-TreatmentPlanComplianceCodeSystem.html#TreatmentPlanComplianceCodeSystem-patient-reason-for-not-following">patient-reason-for-not-following</a></td><td>Patient reported reason for not following recommened treatment</td></tr></table></li></ul></div>
  </text>
  <extension url="http://hl7.org/fhir/StructureDefinition/structuredefinition-fmm">
    <valueInteger value="2">
      <extension url="http://hl7.org/fhir/StructureDefinition/structuredefinition-conformance-derivedFrom">
        <valueCanonical value="http://ig-ichombreastcancer.gabriellesantosleandro.com/ImplementationGuide/hl7.fhir.uv.ichom-breast-cancer"/>
      </extension>
    </valueInteger>
  </extension>
  <extension url="http://hl7.org/fhir/StructureDefinition/structuredefinition-standards-status">
    <valueCode value="trial-use">
      <extension url="http://hl7.org/fhir/StructureDefinition/structuredefinition-conformance-derivedFrom">
        <valueCanonical value="http://ig-ichombreastcancer.gabriellesantosleandro.com/ImplementationGuide/hl7.fhir.uv.ichom-breast-cancer"/>
      </extension>
    </valueCode>
  </extension>
  <url value="http://ig-ichombreastcancer.gabriellesantosleandro.com/ValueSet/TreatmentPlanComplianceVS"/>
  <version value="1.0.0"/>
  <name value="TreatmentPlanComplianceVS"/>
  <title value="Observation identifiers for treatment plan non-compliance reason ValueSet"/>
  <status value="active"/>
  <experimental value="false"/>
  <date value="2023-11-12T21:01:00+00:00"/>
  <publisher value="HL7 International - Clinical Interoperability Council Group"/>
  <contact>
    <name value="HL7 International - Clinical Interoperability Council Group"/>
    <telecom>
      <system value="url"/>
      <value value="http://www.hl7.org/Special/committees/cic"/>
    </telecom>
  </contact>
  <description value="Valueset of reason for why the treatment plan was not followed"/>
  <jurisdiction>
    <coding>
      <system value="http://unstats.un.org/unsd/methods/m49/m49.htm"/>
      <code value="001"/>
      <display value="World"/>
    </coding>
  </jurisdiction>
  <compose>
    <include>
      <system value="http://ig-ichombreastcancer.gabriellesantosleandro.com/CodeSystem/TreatmentPlanComplianceCodeSystem"/>
      <concept>
        <code value="reason-for-not-following"/>
        <display value="Reason for not following original treatment plan"/>
      </concept>
      <concept>
        <code value="patient-reason-for-not-following"/>
        <display value="Patient reported reason for not following recommened treatment"/>
      </concept>
    </include>
  </compose>
</ValueSet>