<?xml version="1.0" encoding="UTF-8"?>

<ValueSet xmlns="http://hl7.org/fhir">
  <id value="AgreementResponseVS"/>
  <text>
    <status value="generated"/><div xmlns="http://www.w3.org/1999/xhtml"><ul><li>Include these codes as defined in <a href="CodeSystem-AgreementResponseCodeSystem.html"><code>http://ig-ichombreastcancer.gabriellesantosleandro.com/CodeSystem/AgreementResponseCodeSystem</code></a><table class="none"><tr><td style="white-space:nowrap"><b>Code</b></td><td><b>Display</b></td></tr><tr><td><a href="CodeSystem-AgreementResponseCodeSystem.html#AgreementResponseCodeSystem-no">no</a></td><td>Not at all</td></tr><tr><td><a href="CodeSystem-AgreementResponseCodeSystem.html#AgreementResponseCodeSystem-little">little</a></td><td>A little</td></tr><tr><td><a href="CodeSystem-AgreementResponseCodeSystem.html#AgreementResponseCodeSystem-quite">quite</a></td><td>Quite a bit</td></tr><tr><td><a href="CodeSystem-AgreementResponseCodeSystem.html#AgreementResponseCodeSystem-very">very</a></td><td>Very much</td></tr></table></li></ul></div>
  </text>
  <extension url="http://hl7.org/fhir/StructureDefinition/structuredefinition-fmm">
    <valueInteger value="2">
      <extension url="http://hl7.org/fhir/StructureDefinition/structuredefinition-conformance-derivedFrom">
        <valueCanonical value="http://ig-ichombreastcancer.gabriellesantosleandro.com/ImplementationGuide/hl7.fhir.uv.ichom-breast-cancer"/>
      </extension>
    </valueInteger>
  </extension>
  <extension url="http://hl7.org/fhir/StructureDefinition/structuredefinition-standards-status">
    <valueCode value="trial-use">
      <extension url="http://hl7.org/fhir/StructureDefinition/structuredefinition-conformance-derivedFrom">
        <valueCanonical value="http://ig-ichombreastcancer.gabriellesantosleandro.com/ImplementationGuide/hl7.fhir.uv.ichom-breast-cancer"/>
      </extension>
    </valueCode>
  </extension>
  <url value="http://ig-ichombreastcancer.gabriellesantosleandro.com/ValueSet/AgreementResponseVS"/>
  <version value="1.0.0"/>
  <name value="AgreementResponseVS"/>
  <title value="Agreement response ValueSet"/>
  <status value="active"/>
  <experimental value="false"/>
  <date value="2023-11-13T00:07:26-03:00"/>
  <publisher value="HL7 International - Clinical Interoperability Council Group"/>
  <contact>
    <name value="HL7 International - Clinical Interoperability Council Group"/>
    <telecom>
      <system value="url"/>
      <value value="http://www.hl7.org/Special/committees/cic"/>
    </telecom>
  </contact>
  <description value="Valueset used in a Patient Reported Outcomes Instrument to express the degree of agreement"/>
  <jurisdiction>
    <coding>
      <system value="http://unstats.un.org/unsd/methods/m49/m49.htm"/>
      <code value="001"/>
      <display value="World"/>
    </coding>
  </jurisdiction>
  <compose>
    <include>
      <system value="http://ig-ichombreastcancer.gabriellesantosleandro.com/CodeSystem/AgreementResponseCodeSystem"/>
      <concept>
        <code value="no"/>
        <display value="Not at all"/>
      </concept>
      <concept>
        <code value="little"/>
        <display value="A little"/>
      </concept>
      <concept>
        <code value="quite"/>
        <display value="Quite a bit"/>
      </concept>
      <concept>
        <code value="very"/>
        <display value="Very much"/>
      </concept>
    </include>
  </compose>
</ValueSet>