<?xml version="1.0" encoding="UTF-8"?>

<ValueSet xmlns="http://hl7.org/fhir">
  <id value="ComplicationImpactVS"/>
  <text>
    <status value="extensions"/><div xmlns="http://www.w3.org/1999/xhtml"><p>This value set includes codes based on the following rules:</p><ul><li>Include these codes as defined in <a href="CodeSystem-ComplicationImpactCodeSystem.html"><code>http://ig-ichombreastcancer.gabriellesantosleandro.com/CodeSystem/ComplicationImpactCodeSystem</code></a><table class="none"><tr><td style="white-space:nowrap"><b>Code</b></td><td><b>Display</b></td></tr><tr><td><a href="CodeSystem-ComplicationImpactCodeSystem.html#ComplicationImpactCodeSystem-no-complication">no-complication</a></td><td>No complication</td></tr><tr><td><a href="CodeSystem-ComplicationImpactCodeSystem.html#ComplicationImpactCodeSystem-prolonged-hospitalization">prolonged-hospitalization</a></td><td>Complication leading to prolonged hospitalization (&gt;14days)</td></tr><tr><td><a href="CodeSystem-ComplicationImpactCodeSystem.html#ComplicationImpactCodeSystem-treatment-discontinuation">treatment-discontinuation</a></td><td>Complication leading to discontinuing of treatment</td></tr><tr><td><a href="CodeSystem-ComplicationImpactCodeSystem.html#ComplicationImpactCodeSystem-no-changes">no-changes</a></td><td>Complication, but did not result in any of the abovementioned</td></tr></table></li><li>Include these codes as defined in <a href="http://www.snomed.org/"><code>http://snomed.info/sct</code></a><table class="none"><tr><td style="white-space:nowrap"><b>Code</b></td><td><b>Display</b></td></tr><tr><td><a href="http://snomed.info/id/240917005">240917005</a></td><td>Interventional radiology</td></tr><tr><td><a href="http://snomed.info/id/303577009">303577009</a></td><td>Interventional debulking surgery</td></tr><tr><td><a href="http://snomed.info/id/417005">417005</a></td><td>Hospital re-admission</td></tr><tr><td><a href="http://snomed.info/id/397945004">397945004</a></td><td>Unexpected admission to intensive care unit</td></tr><tr><td><a href="http://snomed.info/id/182879007">182879007</a></td><td>Medication decreased</td></tr><tr><td><a href="http://snomed.info/id/419620001">419620001</a></td><td>Death</td></tr></table></li><li>Include these codes as defined in <a href="http://terminology.hl7.org/5.0.0/CodeSystem-v3-NullFlavor.html"><code>http://terminology.hl7.org/CodeSystem/v3-NullFlavor</code></a><table class="none"><tr><td style="white-space:nowrap"><b>Code</b></td><td><b>Display</b></td><td><b>Definition</b></td></tr><tr><td><a href="http://terminology.hl7.org/5.0.0/CodeSystem-v3-NullFlavor.html#v3-NullFlavor-UNK">UNK</a></td><td>unknown</td><td>**Description:**A proper value is applicable, but not known.<br/><br/>**Usage Notes**: This means the actual value is not known. If the only thing that is unknown is how to properly express the value in the necessary constraints (value set, datatype, etc.), then the OTH or UNC flavor should be used. No properties should be included for a datatype with this property unless:<br/><br/>1.  Those properties themselves directly translate to a semantic of &quot;unknown&quot;. (E.g. a local code sent as a translation that conveys 'unknown')<br/>2.  Those properties further qualify the nature of what is unknown. (E.g. specifying a use code of &quot;H&quot; and a URL prefix of &quot;tel:&quot; to convey that it is the home phone number that is unknown.)</td></tr></table></li></ul></div>
  </text>
  <extension url="http://hl7.org/fhir/StructureDefinition/structuredefinition-fmm">
    <valueInteger value="2">
      <extension url="http://hl7.org/fhir/StructureDefinition/structuredefinition-conformance-derivedFrom">
        <valueCanonical value="http://ig-ichombreastcancer.gabriellesantosleandro.com/ImplementationGuide/hl7.fhir.uv.ichom-breast-cancer"/>
      </extension>
    </valueInteger>
  </extension>
  <extension url="http://hl7.org/fhir/StructureDefinition/structuredefinition-standards-status">
    <valueCode value="trial-use">
      <extension url="http://hl7.org/fhir/StructureDefinition/structuredefinition-conformance-derivedFrom">
        <valueCanonical value="http://ig-ichombreastcancer.gabriellesantosleandro.com/ImplementationGuide/hl7.fhir.uv.ichom-breast-cancer"/>
      </extension>
    </valueCode>
  </extension>
  <url value="http://ig-ichombreastcancer.gabriellesantosleandro.com/ValueSet/ComplicationImpactVS"/>
  <version value="1.0.0"/>
  <name value="ComplicationImpactVS"/>
  <title value="Impact of complication ValueSet"/>
  <status value="active"/>
  <experimental value="false"/>
  <date value="2023-11-13T00:45:53-03:00"/>
  <publisher value="HL7 International - Clinical Interoperability Council Group"/>
  <contact>
    <name value="HL7 International - Clinical Interoperability Council Group"/>
    <telecom>
      <system value="url"/>
      <value value="http://www.hl7.org/Special/committees/cic"/>
    </telecom>
  </contact>
  <description value="ValueSet of the impact of a complication experienced by the breast cancer patient"/>
  <jurisdiction>
    <coding>
      <system value="http://unstats.un.org/unsd/methods/m49/m49.htm"/>
      <code value="001"/>
      <display value="World"/>
    </coding>
  </jurisdiction>
  <copyright value="This value set includes content from SNOMED CT, which is copyright © 2002+ International Health Terminology Standards Development Organisation (IHTSDO), and distributed by agreement between IHTSDO and HL7. Implementer use of SNOMED CT is not covered by this agreement"/>
  <compose>
    <include>
      <system value="http://ig-ichombreastcancer.gabriellesantosleandro.com/CodeSystem/ComplicationImpactCodeSystem"/>
      <concept>
        <code value="no-complication"/>
        <display value="No complication"/>
      </concept>
      <concept>
        <code value="prolonged-hospitalization"/>
        <display value="Complication leading to prolonged hospitalization (&gt;14days)"/>
      </concept>
      <concept>
        <code value="treatment-discontinuation"/>
        <display value="Complication leading to discontinuing of treatment"/>
      </concept>
      <concept>
        <code value="no-changes"/>
        <display value="Complication, but did not result in any of the abovementioned"/>
      </concept>
    </include>
    <include>
      <system value="http://snomed.info/sct"/>
      <concept>
        <code value="240917005"/>
        <display value="Interventional radiology"/>
      </concept>
      <concept>
        <code value="303577009"/>
        <display value="Interventional debulking surgery"/>
      </concept>
      <concept>
        <code value="417005"/>
        <display value="Hospital re-admission"/>
      </concept>
      <concept>
        <code value="397945004"/>
        <display value="Unexpected admission to intensive care unit"/>
      </concept>
      <concept>
        <code value="182879007"/>
        <display value="Medication decreased"/>
      </concept>
      <concept>
        <code value="419620001"/>
        <display value="Death"/>
      </concept>
    </include>
    <include>
      <system value="http://terminology.hl7.org/CodeSystem/v3-NullFlavor"/>
      <concept>
        <code value="UNK"/>
        <display value="unknown"/>
      </concept>
    </include>
  </compose>
</ValueSet>