<?xml version="1.0" encoding="UTF-8"?>

<ValueSet xmlns="http://hl7.org/fhir">
  <id value="TreatmentPlanFollowedVS"/>
  <text>
    <status value="generated"/><div xmlns="http://www.w3.org/1999/xhtml"><ul><li>Include these codes as defined in <a href="CodeSystem-TreatmentPlanFollowedCodeSystem.html"><code>http://ig-ichombreastcancer.gabriellesantosleandro.com/CodeSystem/TreatmentPlanFollowedCodeSystem</code></a><table class="none"><tr><td style="white-space:nowrap"><b>Code</b></td><td><b>Display</b></td></tr><tr><td><a href="CodeSystem-TreatmentPlanFollowedCodeSystem.html#TreatmentPlanFollowedCodeSystem-no">no</a></td><td>No, not followed</td></tr><tr><td><a href="CodeSystem-TreatmentPlanFollowedCodeSystem.html#TreatmentPlanFollowedCodeSystem-yes">yes</a></td><td>Yes, fully followed</td></tr><tr><td><a href="CodeSystem-TreatmentPlanFollowedCodeSystem.html#TreatmentPlanFollowedCodeSystem-some">some</a></td><td>Some treatments followed</td></tr></table></li></ul></div>
  </text>
  <extension url="http://hl7.org/fhir/StructureDefinition/structuredefinition-fmm">
    <valueInteger value="2">
      <extension url="http://hl7.org/fhir/StructureDefinition/structuredefinition-conformance-derivedFrom">
        <valueCanonical value="http://ig-ichombreastcancer.gabriellesantosleandro.com/ImplementationGuide/hl7.fhir.uv.ichom-breast-cancer"/>
      </extension>
    </valueInteger>
  </extension>
  <extension url="http://hl7.org/fhir/StructureDefinition/structuredefinition-standards-status">
    <valueCode value="trial-use">
      <extension url="http://hl7.org/fhir/StructureDefinition/structuredefinition-conformance-derivedFrom">
        <valueCanonical value="http://ig-ichombreastcancer.gabriellesantosleandro.com/ImplementationGuide/hl7.fhir.uv.ichom-breast-cancer"/>
      </extension>
    </valueCode>
  </extension>
  <url value="http://ig-ichombreastcancer.gabriellesantosleandro.com/ValueSet/TreatmentPlanFollowedVS"/>
  <version value="1.0.0"/>
  <name value="TreatmentPlanFollowedVS"/>
  <title value="Real Treatment Plan Followed ValueSet"/>
  <status value="active"/>
  <experimental value="false"/>
  <date value="2023-11-13T00:07:26-03:00"/>
  <publisher value="HL7 International - Clinical Interoperability Council Group"/>
  <contact>
    <name value="HL7 International - Clinical Interoperability Council Group"/>
    <telecom>
      <system value="url"/>
      <value value="http://www.hl7.org/Special/committees/cic"/>
    </telecom>
  </contact>
  <description value="Valueset of if the patient followed the multidisciplinary recommended treatment plan"/>
  <jurisdiction>
    <coding>
      <system value="http://unstats.un.org/unsd/methods/m49/m49.htm"/>
      <code value="001"/>
      <display value="World"/>
    </coding>
  </jurisdiction>
  <compose>
    <include>
      <system value="http://ig-ichombreastcancer.gabriellesantosleandro.com/CodeSystem/TreatmentPlanFollowedCodeSystem"/>
      <concept>
        <code value="no"/>
        <display value="No, not followed"/>
      </concept>
      <concept>
        <code value="yes"/>
        <display value="Yes, fully followed"/>
      </concept>
      <concept>
        <code value="some"/>
        <display value="Some treatments followed"/>
      </concept>
    </include>
  </compose>
</ValueSet>