<?xml version="1.0" encoding="UTF-8"?>

<ValueSet xmlns="http://hl7.org/fhir">
  <id value="RecommendedTreatmentTypeVS"/>
  <text>
    <status value="generated"/><div xmlns="http://www.w3.org/1999/xhtml"><p>This value set includes codes based on the following rules:</p><ul><li>Include these codes as defined in <a href="http://www.snomed.org/"><code>http://snomed.info/sct</code></a><table class="none"><tr><td style="white-space:nowrap"><b>Code</b></td><td><b>Display</b></td></tr><tr><td><a href="http://snomed.info/id/387713003">387713003</a></td><td>Surgical procedure</td></tr><tr><td><a href="http://snomed.info/id/108290001">108290001</a></td><td>Radiation oncology AND/OR radiotherapy</td></tr><tr><td><a href="http://snomed.info/id/169413002">169413002</a></td><td>Hormone therapy</td></tr><tr><td><a href="http://snomed.info/id/76334006">76334006</a></td><td>Immunotherapy</td></tr><tr><td><a href="http://snomed.info/id/243114000">243114000</a></td><td>Support</td></tr></table></li><li>Include these codes as defined in <a href="CodeSystem-TreatmentTypesCodeSystem.html"><code>http://hl7.org/fhir/uv/ichom-breast-cancer/CodeSystem/TreatmentTypesCodeSystem</code></a><table class="none"><tr><td style="white-space:nowrap"><b>Code</b></td><td><b>Display</b></td></tr><tr><td><a href="CodeSystem-TreatmentTypesCodeSystem.html#TreatmentTypesCodeSystem-adjuvant-chemotherapy">adjuvant-chemotherapy</a></td><td>Adjuvant chemotherapy</td></tr><tr><td><a href="CodeSystem-TreatmentTypesCodeSystem.html#TreatmentTypesCodeSystem-neoadjuvant-chemotherapy">neoadjuvant-chemotherapy</a></td><td>Neoadjuvant chemotherapy</td></tr><tr><td><a href="CodeSystem-TreatmentTypesCodeSystem.html#TreatmentTypesCodeSystem-targeted-therapy">targeted-therapy</a></td><td>Targeted therapy</td></tr></table></li></ul></div>
  </text>
  <extension url="http://hl7.org/fhir/StructureDefinition/structuredefinition-fmm">
    <valueInteger value="2">
      <extension url="http://hl7.org/fhir/StructureDefinition/structuredefinition-conformance-derivedFrom">
        <valueCanonical value="http://hl7.org/fhir/uv/ichom-breast-cancer/ImplementationGuide/hl7.fhir.uv.ichom-breast-cancer"/>
      </extension>
    </valueInteger>
  </extension>
  <extension url="http://hl7.org/fhir/StructureDefinition/structuredefinition-standards-status">
    <valueCode value="trial-use">
      <extension url="http://hl7.org/fhir/StructureDefinition/structuredefinition-conformance-derivedFrom">
        <valueCanonical value="http://hl7.org/fhir/uv/ichom-breast-cancer/ImplementationGuide/hl7.fhir.uv.ichom-breast-cancer"/>
      </extension>
    </valueCode>
  </extension>
  <url value="http://hl7.org/fhir/uv/ichom-breast-cancer/ValueSet/RecommendedTreatmentTypeVS"/>
  <version value="1.0.0"/>
  <name value="RecommendedTreatmentTypeVS"/>
  <title value="Recommended treatment types ValueSet"/>
  <status value="active"/>
  <experimental value="false"/>
  <date value="2023-10-15T00:28:22+00:00"/>
  <publisher value="HL7 International - Clinical Interoperability Council Group"/>
  <contact>
    <name value="HL7 International - Clinical Interoperability Council Group"/>
    <telecom>
      <system value="url"/>
      <value value="http://www.hl7.org/Special/committees/cic"/>
    </telecom>
  </contact>
  <description value="Valueset of the kind of treatment that the multidisciplinary team recommended"/>
  <jurisdiction>
    <coding>
      <system value="http://unstats.un.org/unsd/methods/m49/m49.htm"/>
      <code value="001"/>
      <display value="World"/>
    </coding>
  </jurisdiction>
  <copyright value="This value set includes content from SNOMED CT, which is copyright © 2002+ International Health Terminology Standards Development Organisation (IHTSDO), and distributed by agreement between IHTSDO and HL7. Implementer use of SNOMED CT is not covered by this agreement"/>
  <compose>
    <include>
      <system value="http://snomed.info/sct"/>
      <concept>
        <code value="387713003"/>
        <display value="Surgical procedure"/>
      </concept>
      <concept>
        <code value="108290001"/>
        <display value="Radiation oncology AND/OR radiotherapy"/>
      </concept>
      <concept>
        <code value="169413002"/>
        <display value="Hormone therapy"/>
      </concept>
      <concept>
        <code value="76334006"/>
        <display value="Immunotherapy"/>
      </concept>
      <concept>
        <code value="243114000"/>
        <display value="Support"/>
      </concept>
    </include>
    <include>
      <system value="http://hl7.org/fhir/uv/ichom-breast-cancer/CodeSystem/TreatmentTypesCodeSystem"/>
      <concept>
        <code value="adjuvant-chemotherapy"/>
        <display value="Adjuvant chemotherapy"/>
      </concept>
      <concept>
        <code value="neoadjuvant-chemotherapy"/>
        <display value="Neoadjuvant chemotherapy"/>
      </concept>
      <concept>
        <code value="targeted-therapy"/>
        <display value="Targeted therapy"/>
      </concept>
    </include>
  </compose>
</ValueSet>