<?xml version="1.0" encoding="UTF-8"?><CodeSystem xmlns="http://hl7.org/fhir"><id value="ComplicationTypeCodeSystem"/><text><status value="generated"/><div xmlns="http://www.w3.org/1999/xhtml"><p>This case-sensitive code system <code>http://ig-ichombreastcancer.gabriellesantosleandro.com/CodeSystem/ComplicationTypeCodeSystem</code> defines the following codes:</p><table class="codes"><tr><td style="white-space:nowrap"><b>Code</b></td><td><b>Display</b></td></tr><tr><td style="white-space:nowrap">partial-loss<a name="ComplicationTypeCodeSystem-partial-loss"> </a></td><td>Partial autologous graft loss</td></tr><tr><td style="white-space:nowrap">total-loss<a name="ComplicationTypeCodeSystem-total-loss"> </a></td><td>Total autologous graft loss</td></tr><tr><td style="white-space:nowrap">delay-wound<a name="ComplicationTypeCodeSystem-delay-wound"> </a></td><td>Delay wound healing/dehiscence</td></tr><tr><td style="white-space:nowrap">immune-toxicity<a name="ComplicationTypeCodeSystem-immune-toxicity"> </a></td><td>Immune related toxicity</td></tr></table></div></text><extension url="http://hl7.org/fhir/StructureDefinition/structuredefinition-fmm"><valueInteger value="2"><extension url="http://hl7.org/fhir/StructureDefinition/structuredefinition-conformance-derivedFrom"><valueCanonical value="http://ig-ichombreastcancer.gabriellesantosleandro.com/ImplementationGuide/hl7.fhir.uv.ichom-breast-cancer"/></extension></valueInteger></extension><extension url="http://hl7.org/fhir/StructureDefinition/structuredefinition-standards-status"><valueCode value="trial-use"><extension url="http://hl7.org/fhir/StructureDefinition/structuredefinition-conformance-derivedFrom"><valueCanonical value="http://ig-ichombreastcancer.gabriellesantosleandro.com/ImplementationGuide/hl7.fhir.uv.ichom-breast-cancer"/></extension></valueCode></extension><url value="http://ig-ichombreastcancer.gabriellesantosleandro.com/CodeSystem/ComplicationTypeCodeSystem"/><version value="1.0.0"/><name value="ComplicationTypeCodeSystem"/><title value="Type of complication CodeSystem"/><status value="active"/><experimental value="false"/><date value="2023-11-13T00:45:53-03:00"/><publisher value="HL7 International - Clinical Interoperability Council Group"/><contact><name value="HL7 International - Clinical Interoperability Council Group"/><telecom><system value="url"/><value value="http://www.hl7.org/Special/committees/cic"/></telecom></contact><description value="Codes indicating the type of a complication experienced by the breast cancer patient"/><jurisdiction><coding><system value="http://unstats.un.org/unsd/methods/m49/m49.htm"/><code value="001"/><display value="World"/></coding></jurisdiction><caseSensitive value="true"/><content value="complete"/><count value="4"/><concept><code value="partial-loss"/><display value="Partial autologous graft loss"/></concept><concept><code value="total-loss"/><display value="Total autologous graft loss"/></concept><concept><code value="delay-wound"/><display value="Delay wound healing/dehiscence"/></concept><concept><code value="immune-toxicity"/><display value="Immune related toxicity"/></concept></CodeSystem>