<?xml version="1.0" encoding="UTF-8"?><CodeSystem xmlns="http://hl7.org/fhir"><id value="SatisfactionResponseCodeSystem"/><text><status value="generated"/><div xmlns="http://www.w3.org/1999/xhtml"><p>This case-sensitive code system <code>http://ig-ichombreastcancer.gabriellesantosleandro.com/CodeSystem/SatisfactionResponseCodeSystem</code> defines the following codes:</p><table class="codes"><tr><td style="white-space:nowrap"><b>Code</b></td><td><b>Display</b></td></tr><tr><td style="white-space:nowrap">very-dissatisfied<a name="SatisfactionResponseCodeSystem-very-dissatisfied"> </a></td><td>Very dissatisfied</td></tr><tr><td style="white-space:nowrap">somewhat-dissatisfied<a name="SatisfactionResponseCodeSystem-somewhat-dissatisfied"> </a></td><td>Somewhat dissatisfied</td></tr><tr><td style="white-space:nowrap">somewhat-satisfied<a name="SatisfactionResponseCodeSystem-somewhat-satisfied"> </a></td><td>Somewhat satisfied</td></tr><tr><td style="white-space:nowrap">very-satisfied<a name="SatisfactionResponseCodeSystem-very-satisfied"> </a></td><td>Very satisfied</td></tr></table></div></text><extension url="http://hl7.org/fhir/StructureDefinition/structuredefinition-fmm"><valueInteger value="2"><extension url="http://hl7.org/fhir/StructureDefinition/structuredefinition-conformance-derivedFrom"><valueCanonical value="http://ig-ichombreastcancer.gabriellesantosleandro.com/ImplementationGuide/hl7.fhir.uv.ichom-breast-cancer"/></extension></valueInteger></extension><extension url="http://hl7.org/fhir/StructureDefinition/structuredefinition-standards-status"><valueCode value="trial-use"><extension url="http://hl7.org/fhir/StructureDefinition/structuredefinition-conformance-derivedFrom"><valueCanonical value="http://ig-ichombreastcancer.gabriellesantosleandro.com/ImplementationGuide/hl7.fhir.uv.ichom-breast-cancer"/></extension></valueCode></extension><url value="http://ig-ichombreastcancer.gabriellesantosleandro.com/CodeSystem/SatisfactionResponseCodeSystem"/><version value="1.0.0"/><name value="SatisfactionResponseCodeSystem"/><title value="Satisfaction response CodeSystem"/><status value="active"/><experimental value="false"/><date value="2023-11-12T21:01:00+00:00"/><publisher value="HL7 International - Clinical Interoperability Council Group"/><contact><name value="HL7 International - Clinical Interoperability Council Group"/><telecom><system value="url"/><value value="http://www.hl7.org/Special/committees/cic"/></telecom></contact><description value="Codes used in a Patient Reported Outcomes Instrument to express the statisfation response"/><jurisdiction><coding><system value="http://unstats.un.org/unsd/methods/m49/m49.htm"/><code value="001"/><display value="World"/></coding></jurisdiction><caseSensitive value="true"/><content value="complete"/><count value="4"/><concept><code value="very-dissatisfied"/><display value="Very dissatisfied"/></concept><concept><code value="somewhat-dissatisfied"/><display value="Somewhat dissatisfied"/></concept><concept><code value="somewhat-satisfied"/><display value="Somewhat satisfied"/></concept><concept><code value="very-satisfied"/><display value="Very satisfied"/></concept></CodeSystem>