<?xml version="1.0" encoding="UTF-8"?><CodeSystem xmlns="http://hl7.org/fhir"><id value="TreatmentPlanComplianceCodeSystem"/><text><status value="generated"/><div xmlns="http://www.w3.org/1999/xhtml"><p>This case-sensitive code system <code>http://hl7.org/fhir/uv/ichom-breast-cancer/CodeSystem/TreatmentPlanComplianceCodeSystem</code> defines the following codes:</p><table class="codes"><tr><td style="white-space:nowrap"><b>Code</b></td><td><b>Display</b></td></tr><tr><td style="white-space:nowrap">reason-for-not-following<a name="TreatmentPlanComplianceCodeSystem-reason-for-not-following"> </a></td><td>Reason for not following original treatment plan</td></tr><tr><td style="white-space:nowrap">patient-reason-for-not-following<a name="TreatmentPlanComplianceCodeSystem-patient-reason-for-not-following"> </a></td><td>Patient reported reason for not following recommened treatment</td></tr></table></div></text><extension url="http://hl7.org/fhir/StructureDefinition/structuredefinition-fmm"><valueInteger value="2"><extension url="http://hl7.org/fhir/StructureDefinition/structuredefinition-conformance-derivedFrom"><valueCanonical value="http://hl7.org/fhir/uv/ichom-breast-cancer/ImplementationGuide/hl7.fhir.uv.ichom-breast-cancer"/></extension></valueInteger></extension><extension url="http://hl7.org/fhir/StructureDefinition/structuredefinition-standards-status"><valueCode value="trial-use"><extension url="http://hl7.org/fhir/StructureDefinition/structuredefinition-conformance-derivedFrom"><valueCanonical value="http://hl7.org/fhir/uv/ichom-breast-cancer/ImplementationGuide/hl7.fhir.uv.ichom-breast-cancer"/></extension></valueCode></extension><url value="http://hl7.org/fhir/uv/ichom-breast-cancer/CodeSystem/TreatmentPlanComplianceCodeSystem"/><version value="1.0.0"/><name value="TreatmentPlanComplianceCodeSystem"/><title value="Observation identifiers for treatment plan non-compliance reason CodeSystem"/><status value="active"/><experimental value="false"/><date value="2023-10-15T00:28:22+00:00"/><publisher value="HL7 International - Clinical Interoperability Council Group"/><contact><name value="HL7 International - Clinical Interoperability Council Group"/><telecom><system value="url"/><value value="http://www.hl7.org/Special/committees/cic"/></telecom></contact><description value="Codes covering observation identifiers for treatment plan non-compliance reaso"/><jurisdiction><coding><system value="http://unstats.un.org/unsd/methods/m49/m49.htm"/><code value="001"/><display value="World"/></coding></jurisdiction><caseSensitive value="true"/><content value="complete"/><count value="2"/><concept><code value="reason-for-not-following"/><display value="Reason for not following original treatment plan"/></concept><concept><code value="patient-reason-for-not-following"/><display value="Patient reported reason for not following recommened treatment"/></concept></CodeSystem>