<?xml version="1.0" encoding="UTF-8"?><ValueSet xmlns="http://hl7.org/fhir"><id value="MolecularProfilingStatusVS"/><text><status value="generated"/><div xmlns="http://www.w3.org/1999/xhtml"><ul><li>Include these codes as defined in <a href="CodeSystem-MolecularProfilingCodeSystem.html"><code>http://hl7.org/fhir/uv/ichom-breast-cancer/CodeSystem/MolecularProfilingCodeSystem</code></a><table class="none"><tr><td style="white-space:nowrap"><b>Code</b></td><td><b>Display</b></td></tr><tr><td><a href="CodeSystem-MolecularProfilingCodeSystem.html#MolecularProfilingCodeSystem-mammaprint">mammaprint</a></td><td>Mammaprint Score</td></tr><tr><td><a href="CodeSystem-MolecularProfilingCodeSystem.html#MolecularProfilingCodeSystem-oncotype">oncotype</a></td><td>Oncotype Score</td></tr><tr><td><a href="CodeSystem-MolecularProfilingCodeSystem.html#MolecularProfilingCodeSystem-endopredict">endopredict</a></td><td>Endopredict Score</td></tr></table></li></ul></div></text><extension url="http://hl7.org/fhir/StructureDefinition/structuredefinition-fmm"><valueInteger value="2"><extension url="http://hl7.org/fhir/StructureDefinition/structuredefinition-conformance-derivedFrom"><valueCanonical value="http://hl7.org/fhir/uv/ichom-breast-cancer/ImplementationGuide/hl7.fhir.uv.ichom-breast-cancer"/></extension></valueInteger></extension><extension url="http://hl7.org/fhir/StructureDefinition/structuredefinition-standards-status"><valueCode value="trial-use"><extension url="http://hl7.org/fhir/StructureDefinition/structuredefinition-conformance-derivedFrom"><valueCanonical value="http://hl7.org/fhir/uv/ichom-breast-cancer/ImplementationGuide/hl7.fhir.uv.ichom-breast-cancer"/></extension></valueCode></extension><url value="http://hl7.org/fhir/uv/ichom-breast-cancer/ValueSet/MolecularProfilingStatusVS"/><version value="1.0.0"/><name value="MolecularProfilingStatusVS"/><title value="Molecular profiling"/><status value="active"/><experimental value="false"/><date value="2023-10-15T00:28:22+00:00"/><publisher value="HL7 International - Clinical Interoperability Council Group"/><contact><name value="HL7 International - Clinical Interoperability Council Group"/><telecom><system value="url"/><value value="http://www.hl7.org/Special/committees/cic"/></telecom></contact><description value="Valueset indicating if a molecular profiling tool was used"/><jurisdiction><coding><system value="http://unstats.un.org/unsd/methods/m49/m49.htm"/><code value="001"/><display value="World"/></coding></jurisdiction><compose><include><system value="http://hl7.org/fhir/uv/ichom-breast-cancer/CodeSystem/MolecularProfilingCodeSystem"/><concept><code value="mammaprint"/><display value="Mammaprint Score"/></concept><concept><code value="oncotype"/><display value="Oncotype Score"/></concept><concept><code value="endopredict"/><display value="Endopredict Score"/></concept></include></compose></ValueSet>