<?xml version="1.0" encoding="UTF-8"?><ValueSet xmlns="http://hl7.org/fhir"><id value="BreastSurgeryTypeVS"/><text><status value="extensions"/><div xmlns="http://www.w3.org/1999/xhtml"><p>This value set includes codes based on the following rules:</p><ul><li>Include these codes as defined in <a href="CodeSystem-BreastSurgeryTypesCodeSystem.html"><code>http://ig-ichombreastcancer.gabriellesantosleandro.com/CodeSystem/BreastSurgeryTypesCodeSystem</code></a><table class="none"><tr><td style="white-space:nowrap"><b>Code</b></td><td><b>Display</b></td></tr><tr><td><a href="CodeSystem-BreastSurgeryTypesCodeSystem.html#BreastSurgeryTypesCodeSystem-bcs">bcs</a></td><td>Breast conserving surgery (BCS)</td></tr><tr><td><a href="CodeSystem-BreastSurgeryTypesCodeSystem.html#BreastSurgeryTypesCodeSystem-bcs-with-mammoplasty">bcs-with-mammoplasty</a></td><td>BCS with mammoplasty</td></tr><tr><td><a href="CodeSystem-BreastSurgeryTypesCodeSystem.html#BreastSurgeryTypesCodeSystem-mastectomy-without-immediate-reconstruction">mastectomy-without-immediate-reconstruction</a></td><td>Mastectomy without immediate reconstruction</td></tr><tr><td><a href="CodeSystem-BreastSurgeryTypesCodeSystem.html#BreastSurgeryTypesCodeSystem-mastectomy-with-immediate-reconstruction">mastectomy-with-immediate-reconstruction</a></td><td>Mastectomy with immediate reconstruction</td></tr></table></li><li>Include these codes as defined in <a href="http://terminology.hl7.org/5.0.0/CodeSystem-v3-NullFlavor.html"><code>http://terminology.hl7.org/CodeSystem/v3-NullFlavor</code></a><table class="none"><tr><td style="white-space:nowrap"><b>Code</b></td><td><b>Display</b></td><td><b>Definition</b></td></tr><tr><td><a href="http://terminology.hl7.org/5.0.0/CodeSystem-v3-NullFlavor.html#v3-NullFlavor-UNK">UNK</a></td><td>unknown</td><td>**Description:**A proper value is applicable, but not known.<br/><br/>**Usage Notes**: This means the actual value is not known. If the only thing that is unknown is how to properly express the value in the necessary constraints (value set, datatype, etc.), then the OTH or UNC flavor should be used. No properties should be included for a datatype with this property unless:<br/><br/>1.  Those properties themselves directly translate to a semantic of &quot;unknown&quot;. (E.g. a local code sent as a translation that conveys 'unknown')<br/>2.  Those properties further qualify the nature of what is unknown. (E.g. specifying a use code of &quot;H&quot; and a URL prefix of &quot;tel:&quot; to convey that it is the home phone number that is unknown.)</td></tr></table></li></ul></div></text><extension url="http://hl7.org/fhir/StructureDefinition/structuredefinition-fmm"><valueInteger value="2"><extension url="http://hl7.org/fhir/StructureDefinition/structuredefinition-conformance-derivedFrom"><valueCanonical value="http://ig-ichombreastcancer.gabriellesantosleandro.com/ImplementationGuide/hl7.fhir.uv.ichom-breast-cancer"/></extension></valueInteger></extension><extension url="http://hl7.org/fhir/StructureDefinition/structuredefinition-standards-status"><valueCode value="trial-use"><extension url="http://hl7.org/fhir/StructureDefinition/structuredefinition-conformance-derivedFrom"><valueCanonical value="http://ig-ichombreastcancer.gabriellesantosleandro.com/ImplementationGuide/hl7.fhir.uv.ichom-breast-cancer"/></extension></valueCode></extension><url value="http://ig-ichombreastcancer.gabriellesantosleandro.com/ValueSet/BreastSurgeryTypeVS"/><version value="1.0.0"/><name value="BreastSurgeryTypeVS"/><title value="Types of breast surgery ValueSet"/><status value="active"/><experimental value="false"/><date value="2023-11-12T21:01:00+00:00"/><publisher value="HL7 International - Clinical Interoperability Council Group"/><contact><name value="HL7 International - Clinical Interoperability Council Group"/><telecom><system value="url"/><value value="http://www.hl7.org/Special/committees/cic"/></telecom></contact><description value="Valueset of the types of breast surgery a patient underwent"/><jurisdiction><coding><system value="http://unstats.un.org/unsd/methods/m49/m49.htm"/><code value="001"/><display value="World"/></coding></jurisdiction><compose><include><system value="http://ig-ichombreastcancer.gabriellesantosleandro.com/CodeSystem/BreastSurgeryTypesCodeSystem"/><concept><code value="bcs"/><display value="Breast conserving surgery (BCS)"/></concept><concept><code value="bcs-with-mammoplasty"/><display value="BCS with mammoplasty"/></concept><concept><code value="mastectomy-without-immediate-reconstruction"/><display value="Mastectomy without immediate reconstruction"/></concept><concept><code value="mastectomy-with-immediate-reconstruction"/><display value="Mastectomy with immediate reconstruction"/></concept></include><include><system value="http://terminology.hl7.org/CodeSystem/v3-NullFlavor"/><concept><code value="UNK"/><display value="unknown"/></concept></include></compose></ValueSet>