<?xml version="1.0" encoding="UTF-8"?><ValueSet xmlns="http://hl7.org/fhir"><id value="SatisfactionResponseVS"/><text><status value="generated"/><div xmlns="http://www.w3.org/1999/xhtml"><ul><li>Include these codes as defined in <a href="CodeSystem-SatisfactionResponseCodeSystem.html"><code>http://ig-ichombreastcancer.gabriellesantosleandro.com/CodeSystem/SatisfactionResponseCodeSystem</code></a><table class="none"><tr><td style="white-space:nowrap"><b>Code</b></td><td><b>Display</b></td></tr><tr><td><a href="CodeSystem-SatisfactionResponseCodeSystem.html#SatisfactionResponseCodeSystem-very-dissatisfied">very-dissatisfied</a></td><td>Very dissatisfied</td></tr><tr><td><a href="CodeSystem-SatisfactionResponseCodeSystem.html#SatisfactionResponseCodeSystem-somewhat-dissatisfied">somewhat-dissatisfied</a></td><td>Somewhat dissatisfied</td></tr><tr><td><a href="CodeSystem-SatisfactionResponseCodeSystem.html#SatisfactionResponseCodeSystem-somewhat-satisfied">somewhat-satisfied</a></td><td>Somewhat satisfied</td></tr><tr><td><a href="CodeSystem-SatisfactionResponseCodeSystem.html#SatisfactionResponseCodeSystem-very-satisfied">very-satisfied</a></td><td>Very satisfied</td></tr></table></li></ul></div></text><extension url="http://hl7.org/fhir/StructureDefinition/structuredefinition-fmm"><valueInteger value="2"><extension url="http://hl7.org/fhir/StructureDefinition/structuredefinition-conformance-derivedFrom"><valueCanonical value="http://ig-ichombreastcancer.gabriellesantosleandro.com/ImplementationGuide/hl7.fhir.uv.ichom-breast-cancer"/></extension></valueInteger></extension><extension url="http://hl7.org/fhir/StructureDefinition/structuredefinition-standards-status"><valueCode value="trial-use"><extension url="http://hl7.org/fhir/StructureDefinition/structuredefinition-conformance-derivedFrom"><valueCanonical value="http://ig-ichombreastcancer.gabriellesantosleandro.com/ImplementationGuide/hl7.fhir.uv.ichom-breast-cancer"/></extension></valueCode></extension><url value="http://ig-ichombreastcancer.gabriellesantosleandro.com/ValueSet/SatisfactionResponseVS"/><version value="1.0.0"/><name value="SatisfactionResponseVS"/><title value="Satisfaction response ValueSet"/><status value="active"/><experimental value="false"/><date value="2023-11-13T00:07:26-03:00"/><publisher value="HL7 International - Clinical Interoperability Council Group"/><contact><name value="HL7 International - Clinical Interoperability Council Group"/><telecom><system value="url"/><value value="http://www.hl7.org/Special/committees/cic"/></telecom></contact><description value="Valueset used in a Patient Reported Outcomes Instrument to express the statisfation response"/><jurisdiction><coding><system value="http://unstats.un.org/unsd/methods/m49/m49.htm"/><code value="001"/><display value="World"/></coding></jurisdiction><compose><include><system value="http://ig-ichombreastcancer.gabriellesantosleandro.com/CodeSystem/SatisfactionResponseCodeSystem"/><concept><code value="very-dissatisfied"/><display value="Very dissatisfied"/></concept><concept><code value="somewhat-dissatisfied"/><display value="Somewhat dissatisfied"/></concept><concept><code value="somewhat-satisfied"/><display value="Somewhat satisfied"/></concept><concept><code value="very-satisfied"/><display value="Very satisfied"/></concept></include></compose></ValueSet>