<?xml version="1.0" encoding="UTF-8"?><ValueSet xmlns="http://hl7.org/fhir"><id value="ReoperationTypeVS"/><text><status value="extensions"/><div xmlns="http://www.w3.org/1999/xhtml"><p>This value set includes codes based on the following rules:</p><ul><li>Include these codes as defined in <a href="http://www.snomed.org/"><code>http://snomed.info/sct</code></a><table class="none"><tr><td style="white-space:nowrap"><b>Code</b></td><td><b>Display</b></td></tr><tr><td><a href="http://snomed.info/id/33496007">33496007</a></td><td>Reconstruction of breast</td></tr><tr><td><a href="http://snomed.info/id/69031006">69031006</a></td><td>Excision of breast tissue</td></tr><tr><td><a href="http://snomed.info/id/234254000">234254000</a></td><td>Excision of axillary lymph nodes group</td></tr></table></li><li>Include these codes as defined in <a href="CodeSystem-BreastSurgeryTypesCodeSystem.html"><code>http://hl7.org/fhir/uv/ichom-breast-cancer/CodeSystem/BreastSurgeryTypesCodeSystem</code></a><table class="none"><tr><td style="white-space:nowrap"><b>Code</b></td><td><b>Display</b></td></tr><tr><td><a href="CodeSystem-BreastSurgeryTypesCodeSystem.html#BreastSurgeryTypesCodeSystem-bcs">bcs</a></td><td>Breast conserving surgery (BCS)</td></tr><tr><td><a href="CodeSystem-BreastSurgeryTypesCodeSystem.html#BreastSurgeryTypesCodeSystem-bcs-with-mammoplasty">bcs-with-mammoplasty</a></td><td>Breast conserving surgery with mammoplasty</td></tr><tr><td><a href="CodeSystem-BreastSurgeryTypesCodeSystem.html#BreastSurgeryTypesCodeSystem-mastectomy-without-immediate-reconstruction">mastectomy-without-immediate-reconstruction</a></td><td>Mastectomy without immediate reconstruction</td></tr><tr><td><a href="CodeSystem-BreastSurgeryTypesCodeSystem.html#BreastSurgeryTypesCodeSystem-mastectomy-with-immediate-reconstruction">mastectomy-with-immediate-reconstruction</a></td><td>Mastectomy with immediate reconstruction</td></tr></table></li><li>Include these codes as defined in <a href="http://terminology.hl7.org/5.0.0/CodeSystem-v3-NullFlavor.html"><code>http://terminology.hl7.org/CodeSystem/v3-NullFlavor</code></a><table class="none"><tr><td style="white-space:nowrap"><b>Code</b></td><td><b>Display</b></td><td><b>Definition</b></td></tr><tr><td><a href="http://terminology.hl7.org/5.0.0/CodeSystem-v3-NullFlavor.html#v3-NullFlavor-UNK">UNK</a></td><td>unknown</td><td>**Description:**A proper value is applicable, but not known.<br/><br/>**Usage Notes**: This means the actual value is not known. If the only thing that is unknown is how to properly express the value in the necessary constraints (value set, datatype, etc.), then the OTH or UNC flavor should be used. No properties should be included for a datatype with this property unless:<br/><br/>1.  Those properties themselves directly translate to a semantic of &quot;unknown&quot;. (E.g. a local code sent as a translation that conveys 'unknown')<br/>2.  Those properties further qualify the nature of what is unknown. (E.g. specifying a use code of &quot;H&quot; and a URL prefix of &quot;tel:&quot; to convey that it is the home phone number that is unknown.)</td></tr></table></li></ul></div></text><extension url="http://hl7.org/fhir/StructureDefinition/structuredefinition-fmm"><valueInteger value="2"><extension url="http://hl7.org/fhir/StructureDefinition/structuredefinition-conformance-derivedFrom"><valueCanonical value="http://hl7.org/fhir/uv/ichom-breast-cancer/ImplementationGuide/hl7.fhir.uv.ichom-breast-cancer"/></extension></valueInteger></extension><extension url="http://hl7.org/fhir/StructureDefinition/structuredefinition-standards-status"><valueCode value="trial-use"><extension url="http://hl7.org/fhir/StructureDefinition/structuredefinition-conformance-derivedFrom"><valueCanonical value="http://hl7.org/fhir/uv/ichom-breast-cancer/ImplementationGuide/hl7.fhir.uv.ichom-breast-cancer"/></extension></valueCode></extension><url value="http://hl7.org/fhir/uv/ichom-breast-cancer/ValueSet/ReoperationTypeVS"/><version value="1.0.0"/><name value="ReoperationTypeVS"/><title value="Type of re-operation"/><status value="active"/><experimental value="false"/><date value="2023-10-15T00:28:22+00:00"/><publisher value="HL7 International - Clinical Interoperability Council Group"/><contact><name value="HL7 International - Clinical Interoperability Council Group"/><telecom><system value="url"/><value value="http://www.hl7.org/Special/committees/cic"/></telecom></contact><description value="Valueset of the types of re-operation"/><jurisdiction><coding><system value="http://unstats.un.org/unsd/methods/m49/m49.htm"/><code value="001"/><display value="World"/></coding></jurisdiction><copyright value="This value set includes content from SNOMED CT, which is copyright © 2002+ International Health Terminology Standards Development Organisation (IHTSDO), and distributed by agreement between IHTSDO and HL7. Implementer use of SNOMED CT is not covered by this agreement"/><compose><include><system value="http://snomed.info/sct"/><concept><code value="33496007"/><display value="Reconstruction of breast"/></concept><concept><code value="69031006"/><display value="Excision of breast tissue"/></concept><concept><code value="234254000"/><display value="Excision of axillary lymph nodes group"/></concept></include><include><system value="http://hl7.org/fhir/uv/ichom-breast-cancer/CodeSystem/BreastSurgeryTypesCodeSystem"/><concept><code value="bcs"/><display value="Breast conserving surgery (BCS)"/></concept><concept><code value="bcs-with-mammoplasty"/><display value="Breast conserving surgery with mammoplasty"/></concept><concept><code value="mastectomy-without-immediate-reconstruction"/><display value="Mastectomy without immediate reconstruction"/></concept><concept><code value="mastectomy-with-immediate-reconstruction"/><display value="Mastectomy with immediate reconstruction"/></concept></include><include><system value="http://terminology.hl7.org/CodeSystem/v3-NullFlavor"/><concept><code value="UNK"/><display value="unknown"/></concept></include></compose></ValueSet>