<?xml version="1.0" encoding="UTF-8"?><ValueSet xmlns="http://hl7.org/fhir"><id value="PatientEducationVS"/><text><status value="generated"/><div xmlns="http://www.w3.org/1999/xhtml"><ul><li>Include these codes as defined in <a href="CodeSystem-PatientEducationCodeSystem.html"><code>http://ig-ichombreastcancer.gabriellesantosleandro.com/CodeSystem/PatientEducationCodeSystem</code></a><table class="none"><tr><td style="white-space:nowrap"><b>Code</b></td><td><b>Display</b></td></tr><tr><td><a href="CodeSystem-PatientEducationCodeSystem.html#PatientEducationCodeSystem-strongly-agree">strongly-agree</a></td><td>Strongly agree</td></tr><tr><td><a href="CodeSystem-PatientEducationCodeSystem.html#PatientEducationCodeSystem-agree">agree</a></td><td>Agree</td></tr><tr><td><a href="CodeSystem-PatientEducationCodeSystem.html#PatientEducationCodeSystem-somewhat-agree">somewhat-agree</a></td><td>Somewhat agree</td></tr><tr><td><a href="CodeSystem-PatientEducationCodeSystem.html#PatientEducationCodeSystem-disagree">disagree</a></td><td>Disagree</td></tr><tr><td><a href="CodeSystem-PatientEducationCodeSystem.html#PatientEducationCodeSystem-strongly-disagree">strongly-disagree</a></td><td>Strongly disagree</td></tr></table></li></ul></div></text><extension url="http://hl7.org/fhir/StructureDefinition/structuredefinition-fmm"><valueInteger value="2"><extension url="http://hl7.org/fhir/StructureDefinition/structuredefinition-conformance-derivedFrom"><valueCanonical value="http://ig-ichombreastcancer.gabriellesantosleandro.com/ImplementationGuide/hl7.fhir.uv.ichom-breast-cancer"/></extension></valueInteger></extension><extension url="http://hl7.org/fhir/StructureDefinition/structuredefinition-standards-status"><valueCode value="trial-use"><extension url="http://hl7.org/fhir/StructureDefinition/structuredefinition-conformance-derivedFrom"><valueCanonical value="http://ig-ichombreastcancer.gabriellesantosleandro.com/ImplementationGuide/hl7.fhir.uv.ichom-breast-cancer"/></extension></valueCode></extension><url value="http://ig-ichombreastcancer.gabriellesantosleandro.com/ValueSet/PatientEducationVS"/><version value="1.0.0"/><name value="PatientEducationVS"/><title value="Patient Treatment Education ValueSet"/><status value="active"/><experimental value="false"/><date value="2023-11-12T21:01:00+00:00"/><publisher value="HL7 International - Clinical Interoperability Council Group"/><contact><name value="HL7 International - Clinical Interoperability Council Group"/><telecom><system value="url"/><value value="http://www.hl7.org/Special/committees/cic"/></telecom></contact><description value="Valueset covering if the patient received sufficient information about the treatment options"/><jurisdiction><coding><system value="http://unstats.un.org/unsd/methods/m49/m49.htm"/><code value="001"/><display value="World"/></coding></jurisdiction><compose><include><system value="http://ig-ichombreastcancer.gabriellesantosleandro.com/CodeSystem/PatientEducationCodeSystem"/><concept><code value="strongly-agree"/><display value="Strongly agree"/></concept><concept><code value="agree"/><display value="Agree"/></concept><concept><code value="somewhat-agree"/><display value="Somewhat agree"/></concept><concept><code value="disagree"/><display value="Disagree"/></concept><concept><code value="strongly-disagree"/><display value="Strongly disagree"/></concept></include></compose></ValueSet>