<?xml version="1.0" encoding="UTF-8"?><ValueSet xmlns="http://hl7.org/fhir"><id value="TNMRegionalNodesVS"/><text><status value="extensions"/><div xmlns="http://www.w3.org/1999/xhtml"><p>This value set includes codes based on the following rules:</p><ul><li>Include these codes as defined in <a href="http://www.snomed.org/"><code>http://snomed.info/sct</code></a><table class="none"><tr><td style="white-space:nowrap"><b>Code</b></td><td><b>Display</b></td></tr><tr><td><a href="http://snomed.info/id/1229966003">1229966003</a></td><td>American Joint Committee on Cancer cNX</td></tr><tr><td><a href="http://snomed.info/id/1229967007">1229967007</a></td><td>American Joint Committee on Cancer cN0</td></tr><tr><td><a href="http://snomed.info/id/1229973008">1229973008</a></td><td>American Joint Committee on Cancer cN1</td></tr><tr><td><a href="http://snomed.info/id/1229978004">1229978004</a></td><td>American Joint Committee on Cancer cN2</td></tr><tr><td><a href="http://snomed.info/id/1229984001">1229984001</a></td><td>American Joint Committee on Cancer cN3</td></tr><tr><td><a href="http://snomed.info/id/1229945006">1229945006</a></td><td>American Joint Committee on Cancer pNX</td></tr><tr><td><a href="http://snomed.info/id/1229947003">1229947003</a></td><td>American Joint Committee on Cancer pN0</td></tr><tr><td><a href="http://snomed.info/id/1229951001">1229951001</a></td><td>American Joint Committee on Cancer pN1</td></tr><tr><td><a href="http://snomed.info/id/1229957002">1229957002</a></td><td>American Joint Committee on Cancer pN2</td></tr><tr><td><a href="http://snomed.info/id/1229962001">1229962001</a></td><td>American Joint Committee on Cancer pN3</td></tr></table></li><li>Include these codes as defined in <a href="http://terminology.hl7.org/5.0.0/CodeSystem-v3-NullFlavor.html"><code>http://terminology.hl7.org/CodeSystem/v3-NullFlavor</code></a><table class="none"><tr><td style="white-space:nowrap"><b>Code</b></td><td><b>Display</b></td><td><b>Definition</b></td></tr><tr><td><a href="http://terminology.hl7.org/5.0.0/CodeSystem-v3-NullFlavor.html#v3-NullFlavor-UNK">UNK</a></td><td>unknown</td><td>**Description:**A proper value is applicable, but not known.<br/><br/>**Usage Notes**: This means the actual value is not known. If the only thing that is unknown is how to properly express the value in the necessary constraints (value set, datatype, etc.), then the OTH or UNC flavor should be used. No properties should be included for a datatype with this property unless:<br/><br/>1.  Those properties themselves directly translate to a semantic of &quot;unknown&quot;. (E.g. a local code sent as a translation that conveys 'unknown')<br/>2.  Those properties further qualify the nature of what is unknown. (E.g. specifying a use code of &quot;H&quot; and a URL prefix of &quot;tel:&quot; to convey that it is the home phone number that is unknown.)</td></tr></table></li></ul></div></text><extension url="http://hl7.org/fhir/StructureDefinition/structuredefinition-fmm"><valueInteger value="2"><extension url="http://hl7.org/fhir/StructureDefinition/structuredefinition-conformance-derivedFrom"><valueCanonical value="http://hl7.org/fhir/uv/ichom-breast-cancer/ImplementationGuide/hl7.fhir.uv.ichom-breast-cancer"/></extension></valueInteger></extension><extension url="http://hl7.org/fhir/StructureDefinition/structuredefinition-standards-status"><valueCode value="trial-use"><extension url="http://hl7.org/fhir/StructureDefinition/structuredefinition-conformance-derivedFrom"><valueCanonical value="http://hl7.org/fhir/uv/ichom-breast-cancer/ImplementationGuide/hl7.fhir.uv.ichom-breast-cancer"/></extension></valueCode></extension><url value="http://hl7.org/fhir/uv/ichom-breast-cancer/ValueSet/TNMRegionalNodesVS"/><version value="1.0.0"/><name value="TNMRegionalNodesVS"/><title value="TNM Regional Nodes ValueSet"/><status value="active"/><experimental value="false"/><date value="2023-10-15T00:28:22+00:00"/><publisher value="HL7 International - Clinical Interoperability Council Group"/><contact><name value="HL7 International - Clinical Interoperability Council Group"/><telecom><system value="url"/><value value="http://www.hl7.org/Special/committees/cic"/></telecom></contact><description value="Valueset of the TNM stage for the N category, according to TNM staging rules"/><jurisdiction><coding><system value="http://unstats.un.org/unsd/methods/m49/m49.htm"/><code value="001"/><display value="World"/></coding></jurisdiction><copyright value="This value set includes content from SNOMED CT, which is copyright © 2002+ International Health Terminology Standards Development Organisation (IHTSDO), and distributed by agreement between IHTSDO and HL7. Implementer use of SNOMED CT is not covered by this agreement"/><compose><include><system value="http://snomed.info/sct"/><concept><code value="1229966003"/><display value="American Joint Committee on Cancer cNX"/></concept><concept><code value="1229967007"/><display value="American Joint Committee on Cancer cN0"/></concept><concept><code value="1229973008"/><display value="American Joint Committee on Cancer cN1"/></concept><concept><code value="1229978004"/><display value="American Joint Committee on Cancer cN2"/></concept><concept><code value="1229984001"/><display value="American Joint Committee on Cancer cN3"/></concept><concept><code value="1229945006"/><display value="American Joint Committee on Cancer pNX"/></concept><concept><code value="1229947003"/><display value="American Joint Committee on Cancer pN0"/></concept><concept><code value="1229951001"/><display value="American Joint Committee on Cancer pN1"/></concept><concept><code value="1229957002"/><display value="American Joint Committee on Cancer pN2"/></concept><concept><code value="1229962001"/><display value="American Joint Committee on Cancer pN3"/></concept></include><include><system value="http://terminology.hl7.org/CodeSystem/v3-NullFlavor"/><concept><code value="UNK"/><display value="unknown"/></concept></include></compose></ValueSet>