{
  "resourceType" : "CarePlan",
  "id" : "TreatmentPlanPatient147",
  "meta" : {
    "profile" : ["http://hl7.org/fhir/uv/ichom-breast-cancer/StructureDefinition/treatment-plan"]
  },
  "text" : {
    "status" : "generated",
    "div" : "<div xmlns=\"http://www.w3.org/1999/xhtml\"><p><b>Generated Narrative: CarePlan</b><a name=\"TreatmentPlanPatient147\"> </a></p><div style=\"display: inline-block; background-color: #d9e0e7; padding: 6px; margin: 4px; border: 1px solid #8da1b4; border-radius: 5px; line-height: 60%\"><p style=\"margin-bottom: 0px\">Resource CarePlan &quot;TreatmentPlanPatient147&quot; </p><p style=\"margin-bottom: 0px\">Profile: <a href=\"StructureDefinition-treatment-plan.html\">Treatment recommended by a multidisciplinary team</a></p></div><p><b>status</b>: active</p><p><b>intent</b>: plan</p><p><b>category</b>: Multidisciplinary assessment <span style=\"background: LightGoldenRodYellow; margin: 4px; border: 1px solid khaki\"> (<a href=\"https://browser.ihtsdotools.org/\">SNOMED CT</a>#312384001)</span></p><p><b>subject</b>: <a href=\"Patient-BreastCancerPatient147.html\">Patient/BreastCancerPatient147</a> &quot; LETSCHE&quot;</p><blockquote><p><b>activity</b></p><h3>Details</h3><table class=\"grid\"><tr><td style=\"display: none\">-</td><td><b>Code</b></td><td><b>Status</b></td></tr><tr><td style=\"display: none\">*</td><td>Surgical procedure <span style=\"background: LightGoldenRodYellow; margin: 4px; border: 1px solid khaki\"> (<a href=\"https://browser.ihtsdotools.org/\">SNOMED CT</a>#387713003)</span></td><td>unknown</td></tr></table></blockquote></div>"
  },
  "status" : "active",
  "intent" : "plan",
  "category" : [{
    "coding" : [{
      "system" : "http://snomed.info/sct",
      "code" : "312384001",
      "display" : "Multidisciplinary assessment"
    }]
  }],
  "subject" : {
    "reference" : "Patient/BreastCancerPatient147"
  },
  "activity" : [{
    "detail" : {
      "code" : {
        "coding" : [{
          "system" : "http://snomed.info/sct",
          "code" : "387713003",
          "display" : "Surgical procedure"
        }]
      },
      "status" : "unknown"
    }
  }]
}