{
  "resourceType" : "CodeSystem",
  "id" : "MolecularProfilingCodeSystem",
  "text" : {
    "status" : "generated",
    "div" : "<div xmlns=\"http://www.w3.org/1999/xhtml\"><p>This case-sensitive code system <code>http://ig-ichombreastcancer.gabriellesantosleandro.com/CodeSystem/MolecularProfilingCodeSystem</code> defines the following codes:</p><table class=\"codes\"><tr><td style=\"white-space:nowrap\"><b>Code</b></td><td><b>Display</b></td></tr><tr><td style=\"white-space:nowrap\">mammaprint<a name=\"MolecularProfilingCodeSystem-mammaprint\"> </a></td><td>Mammaprint Score</td></tr><tr><td style=\"white-space:nowrap\">oncotype<a name=\"MolecularProfilingCodeSystem-oncotype\"> </a></td><td>Oncotype Score</td></tr><tr><td style=\"white-space:nowrap\">endopredict<a name=\"MolecularProfilingCodeSystem-endopredict\"> </a></td><td>Endopredict Score</td></tr></table></div>"
  },
  "extension" : [{
    "url" : "http://hl7.org/fhir/StructureDefinition/structuredefinition-fmm",
    "valueInteger" : 2,
    "_valueInteger" : {
      "extension" : [{
        "url" : "http://hl7.org/fhir/StructureDefinition/structuredefinition-conformance-derivedFrom",
        "valueCanonical" : "http://ig-ichombreastcancer.gabriellesantosleandro.com/ImplementationGuide/hl7.fhir.uv.ichom-breast-cancer"
      }]
    }
  },
  {
    "url" : "http://hl7.org/fhir/StructureDefinition/structuredefinition-standards-status",
    "valueCode" : "trial-use",
    "_valueCode" : {
      "extension" : [{
        "url" : "http://hl7.org/fhir/StructureDefinition/structuredefinition-conformance-derivedFrom",
        "valueCanonical" : "http://ig-ichombreastcancer.gabriellesantosleandro.com/ImplementationGuide/hl7.fhir.uv.ichom-breast-cancer"
      }]
    }
  }],
  "url" : "http://ig-ichombreastcancer.gabriellesantosleandro.com/CodeSystem/MolecularProfilingCodeSystem",
  "version" : "1.0.0",
  "name" : "MolecularProfilingCodeSystem",
  "title" : "Molecular Profiling CodeSystem",
  "status" : "active",
  "experimental" : false,
  "date" : "2023-11-13T00:07:26-03:00",
  "publisher" : "HL7 International - Clinical Interoperability Council Group",
  "contact" : [{
    "name" : "HL7 International - Clinical Interoperability Council Group",
    "telecom" : [{
      "system" : "url",
      "value" : "http://www.hl7.org/Special/committees/cic"
    }]
  }],
  "description" : "Codes used to describe the different types of molecular profiling scoring",
  "jurisdiction" : [{
    "coding" : [{
      "system" : "http://unstats.un.org/unsd/methods/m49/m49.htm",
      "code" : "001",
      "display" : "World"
    }]
  }],
  "caseSensitive" : true,
  "content" : "complete",
  "count" : 3,
  "concept" : [{
    "code" : "mammaprint",
    "display" : "Mammaprint Score"
  },
  {
    "code" : "oncotype",
    "display" : "Oncotype Score"
  },
  {
    "code" : "endopredict",
    "display" : "Endopredict Score"
  }]
}