<?xml version="1.0" encoding="UTF-8"?>

<CodeSystem xmlns="http://hl7.org/fhir">
  <id value="TreatmentTypesCodeSystem"/>
  <text>
    <status value="generated"/><div xmlns="http://www.w3.org/1999/xhtml"><p>This case-sensitive code system <code>http://ig-ichombreastcancer.gabriellesantosleandro.com/CodeSystem/TreatmentTypesCodeSystem</code> defines the following codes:</p><table class="codes"><tr><td style="white-space:nowrap"><b>Code</b></td><td><b>Display</b></td></tr><tr><td style="white-space:nowrap">adjuvant-chemotherapy<a name="TreatmentTypesCodeSystem-adjuvant-chemotherapy"> </a></td><td>Adjuvant chemotherapy</td></tr><tr><td style="white-space:nowrap">neoadjuvant-chemotherapy<a name="TreatmentTypesCodeSystem-neoadjuvant-chemotherapy"> </a></td><td>Neoadjuvant chemotherapy</td></tr><tr><td style="white-space:nowrap">targeted-therapy<a name="TreatmentTypesCodeSystem-targeted-therapy"> </a></td><td>Targeted therapy</td></tr><tr><td style="white-space:nowrap">no-treatment<a name="TreatmentTypesCodeSystem-no-treatment"> </a></td><td>No treatment</td></tr></table></div>
  </text>
  <extension url="http://hl7.org/fhir/StructureDefinition/structuredefinition-fmm">
    <valueInteger value="2">
      <extension url="http://hl7.org/fhir/StructureDefinition/structuredefinition-conformance-derivedFrom">
        <valueCanonical value="http://ig-ichombreastcancer.gabriellesantosleandro.com/ImplementationGuide/hl7.fhir.uv.ichom-breast-cancer"/>
      </extension>
    </valueInteger>
  </extension>
  <extension url="http://hl7.org/fhir/StructureDefinition/structuredefinition-standards-status">
    <valueCode value="trial-use">
      <extension url="http://hl7.org/fhir/StructureDefinition/structuredefinition-conformance-derivedFrom">
        <valueCanonical value="http://ig-ichombreastcancer.gabriellesantosleandro.com/ImplementationGuide/hl7.fhir.uv.ichom-breast-cancer"/>
      </extension>
    </valueCode>
  </extension>
  <url value="http://ig-ichombreastcancer.gabriellesantosleandro.com/CodeSystem/TreatmentTypesCodeSystem"/>
  <version value="1.0.0"/>
  <name value="TreatmentTypesCodeSystem"/>
  <title value="Treatment variables CodeSytem"/>
  <status value="active"/>
  <experimental value="false"/>
  <date value="2023-11-12T21:01:00+00:00"/>
  <publisher value="HL7 International - Clinical Interoperability Council Group"/>
  <contact>
    <name value="HL7 International - Clinical Interoperability Council Group"/>
    <telecom>
      <system value="url"/>
      <value value="http://www.hl7.org/Special/committees/cic"/>
    </telecom>
  </contact>
  <description value="Codes defining types of treatment a breast cancer patient could receive"/>
  <jurisdiction>
    <coding>
      <system value="http://unstats.un.org/unsd/methods/m49/m49.htm"/>
      <code value="001"/>
      <display value="World"/>
    </coding>
  </jurisdiction>
  <caseSensitive value="true"/>
  <content value="complete"/>
  <count value="4"/>
  <concept>
    <code value="adjuvant-chemotherapy"/>
    <display value="Adjuvant chemotherapy"/>
  </concept>
  <concept>
    <code value="neoadjuvant-chemotherapy"/>
    <display value="Neoadjuvant chemotherapy"/>
  </concept>
  <concept>
    <code value="targeted-therapy"/>
    <display value="Targeted therapy"/>
  </concept>
  <concept>
    <code value="no-treatment"/>
    <display value="No treatment"/>
  </concept>
</CodeSystem>