{
  "resourceType" : "CodeSystem",
  "id" : "TreatmentPlanComplianceCodeSystem",
  "text" : {
    "status" : "generated",
    "div" : "<div xmlns=\"http://www.w3.org/1999/xhtml\"><p>This case-sensitive code system <code>http://ig-ichombreastcancer.gabriellesantosleandro.com/CodeSystem/TreatmentPlanComplianceCodeSystem</code> defines the following codes:</p><table class=\"codes\"><tr><td style=\"white-space:nowrap\"><b>Code</b></td><td><b>Display</b></td></tr><tr><td style=\"white-space:nowrap\">reason-for-not-following<a name=\"TreatmentPlanComplianceCodeSystem-reason-for-not-following\"> </a></td><td>Reason for not following original treatment plan</td></tr><tr><td style=\"white-space:nowrap\">patient-reason-for-not-following<a name=\"TreatmentPlanComplianceCodeSystem-patient-reason-for-not-following\"> </a></td><td>Patient reported reason for not following recommened treatment</td></tr></table></div>"
  },
  "extension" : [{
    "url" : "http://hl7.org/fhir/StructureDefinition/structuredefinition-fmm",
    "valueInteger" : 2,
    "_valueInteger" : {
      "extension" : [{
        "url" : "http://hl7.org/fhir/StructureDefinition/structuredefinition-conformance-derivedFrom",
        "valueCanonical" : "http://ig-ichombreastcancer.gabriellesantosleandro.com/ImplementationGuide/hl7.fhir.uv.ichom-breast-cancer"
      }]
    }
  },
  {
    "url" : "http://hl7.org/fhir/StructureDefinition/structuredefinition-standards-status",
    "valueCode" : "trial-use",
    "_valueCode" : {
      "extension" : [{
        "url" : "http://hl7.org/fhir/StructureDefinition/structuredefinition-conformance-derivedFrom",
        "valueCanonical" : "http://ig-ichombreastcancer.gabriellesantosleandro.com/ImplementationGuide/hl7.fhir.uv.ichom-breast-cancer"
      }]
    }
  }],
  "url" : "http://ig-ichombreastcancer.gabriellesantosleandro.com/CodeSystem/TreatmentPlanComplianceCodeSystem",
  "version" : "1.0.0",
  "name" : "TreatmentPlanComplianceCodeSystem",
  "title" : "Observation identifiers for treatment plan non-compliance reason CodeSystem",
  "status" : "active",
  "experimental" : false,
  "date" : "2023-11-13T01:02:30-03:00",
  "publisher" : "HL7 International - Clinical Interoperability Council Group",
  "contact" : [{
    "name" : "HL7 International - Clinical Interoperability Council Group",
    "telecom" : [{
      "system" : "url",
      "value" : "http://www.hl7.org/Special/committees/cic"
    }]
  }],
  "description" : "Codes covering observation identifiers for treatment plan non-compliance reaso",
  "jurisdiction" : [{
    "coding" : [{
      "system" : "http://unstats.un.org/unsd/methods/m49/m49.htm",
      "code" : "001",
      "display" : "World"
    }]
  }],
  "caseSensitive" : true,
  "content" : "complete",
  "count" : 2,
  "concept" : [{
    "code" : "reason-for-not-following",
    "display" : "Reason for not following original treatment plan"
  },
  {
    "code" : "patient-reason-for-not-following",
    "display" : "Patient reported reason for not following recommened treatment"
  }]
}