<?xml version="1.0" encoding="UTF-8"?>

<CodeSystem xmlns="http://hl7.org/fhir">
  <id value="AgreementResponseCodeSystem"/>
  <text>
    <status value="generated"/><div xmlns="http://www.w3.org/1999/xhtml"><p>This case-sensitive code system <code>http://hl7.org/fhir/uv/ichom-breast-cancer/CodeSystem/AgreementResponseCodeSystem</code> defines the following codes:</p><table class="codes"><tr><td style="white-space:nowrap"><b>Code</b></td><td><b>Display</b></td></tr><tr><td style="white-space:nowrap">no<a name="AgreementResponseCodeSystem-no"> </a></td><td>Not at all</td></tr><tr><td style="white-space:nowrap">little<a name="AgreementResponseCodeSystem-little"> </a></td><td>A little</td></tr><tr><td style="white-space:nowrap">quite<a name="AgreementResponseCodeSystem-quite"> </a></td><td>Quite a bit</td></tr><tr><td style="white-space:nowrap">very<a name="AgreementResponseCodeSystem-very"> </a></td><td>Very much</td></tr></table></div>
  </text>
  <extension url="http://hl7.org/fhir/StructureDefinition/structuredefinition-fmm">
    <valueInteger value="2">
      <extension url="http://hl7.org/fhir/StructureDefinition/structuredefinition-conformance-derivedFrom">
        <valueCanonical value="http://hl7.org/fhir/uv/ichom-breast-cancer/ImplementationGuide/hl7.fhir.uv.ichom-breast-cancer"/>
      </extension>
    </valueInteger>
  </extension>
  <extension url="http://hl7.org/fhir/StructureDefinition/structuredefinition-standards-status">
    <valueCode value="trial-use">
      <extension url="http://hl7.org/fhir/StructureDefinition/structuredefinition-conformance-derivedFrom">
        <valueCanonical value="http://hl7.org/fhir/uv/ichom-breast-cancer/ImplementationGuide/hl7.fhir.uv.ichom-breast-cancer"/>
      </extension>
    </valueCode>
  </extension>
  <url value="http://hl7.org/fhir/uv/ichom-breast-cancer/CodeSystem/AgreementResponseCodeSystem"/>
  <version value="1.0.0"/>
  <name value="AgreementResponseCodeSystem"/>
  <title value="Agreement response CodeSystem"/>
  <status value="active"/>
  <experimental value="false"/>
  <date value="2023-10-15T00:28:22+00:00"/>
  <publisher value="HL7 International - Clinical Interoperability Council Group"/>
  <contact>
    <name value="HL7 International - Clinical Interoperability Council Group"/>
    <telecom>
      <system value="url"/>
      <value value="http://www.hl7.org/Special/committees/cic"/>
    </telecom>
  </contact>
  <description value="Codes used in a Patient Reported Outcomes Instrument to express the degree of agreement"/>
  <jurisdiction>
    <coding>
      <system value="http://unstats.un.org/unsd/methods/m49/m49.htm"/>
      <code value="001"/>
      <display value="World"/>
    </coding>
  </jurisdiction>
  <caseSensitive value="true"/>
  <content value="complete"/>
  <count value="4"/>
  <concept>
    <code value="no"/>
    <display value="Not at all"/>
  </concept>
  <concept>
    <code value="little"/>
    <display value="A little"/>
  </concept>
  <concept>
    <code value="quite"/>
    <display value="Quite a bit"/>
  </concept>
  <concept>
    <code value="very"/>
    <display value="Very much"/>
  </concept>
</CodeSystem>