{
  "resourceType" : "Condition",
  "id" : "PrimaryBreastCancerPatient147",
  "meta" : {
    "profile" : ["http://hl7.org/fhir/uv/ichom-breast-cancer/StructureDefinition/primary-breastcancer"]
  },
  "text" : {
    "status" : "generated",
    "div" : "<div xmlns=\"http://www.w3.org/1999/xhtml\"><p><b>Generated Narrative: Condition</b><a name=\"PrimaryBreastCancerPatient147\"> </a></p><div style=\"display: inline-block; background-color: #d9e0e7; padding: 6px; margin: 4px; border: 1px solid #8da1b4; border-radius: 5px; line-height: 60%\"><p style=\"margin-bottom: 0px\">Resource Condition &quot;PrimaryBreastCancerPatient147&quot; </p><p style=\"margin-bottom: 0px\">Profile: <a href=\"StructureDefinition-primary-breastcancer.html\">Primary Breast Cancer Condition</a></p></div><p><b>clinicalStatus</b>: Recurrence <span style=\"background: LightGoldenRodYellow; margin: 4px; border: 1px solid khaki\"> (<a href=\"http://terminology.hl7.org/5.0.0/CodeSystem-condition-clinical.html\">Condition Clinical Status Codes</a>#recurrence)</span></p><p><b>code</b>: Primary malignant neoplasm of breast <span style=\"background: LightGoldenRodYellow; margin: 4px; border: 1px solid khaki\"> (<a href=\"https://browser.ihtsdotools.org/\">SNOMED CT</a>#372137005)</span></p><p><b>bodySite</b>: Left breast <span style=\"background: LightGoldenRodYellow; margin: 4px; border: 1px solid khaki\"> (<a href=\"https://browser.ihtsdotools.org/\">SNOMED CT</a>#80248007)</span></p><p><b>subject</b>: <a href=\"Patient-BreastCancerPatient147.html\">Patient/BreastCancerPatient147</a> &quot; LETSCHE&quot;</p></div>"
  },
  "clinicalStatus" : {
    "coding" : [{
      "system" : "http://terminology.hl7.org/CodeSystem/condition-clinical",
      "code" : "recurrence",
      "display" : "Recurrence"
    }]
  },
  "code" : {
    "coding" : [{
      "system" : "http://snomed.info/sct",
      "code" : "372137005",
      "display" : "Primary malignant neoplasm of breast"
    }]
  },
  "bodySite" : [{
    "coding" : [{
      "system" : "http://snomed.info/sct",
      "code" : "80248007",
      "display" : "Left breast"
    }]
  }],
  "subject" : {
    "reference" : "Patient/BreastCancerPatient147"
  }
}