{
  "resourceType" : "Observation",
  "id" : "MammaprintPatient147",
  "meta" : {
    "profile" : ["http://hl7.org/fhir/uv/ichom-breast-cancer/StructureDefinition/mammaprint-score"]
  },
  "text" : {
    "status" : "generated",
    "div" : "<div xmlns=\"http://www.w3.org/1999/xhtml\"><p><b>Generated Narrative: Observation</b><a name=\"MammaprintPatient147\"> </a></p><div style=\"display: inline-block; background-color: #d9e0e7; padding: 6px; margin: 4px; border: 1px solid #8da1b4; border-radius: 5px; line-height: 60%\"><p style=\"margin-bottom: 0px\">Resource Observation &quot;MammaprintPatient147&quot; </p><p style=\"margin-bottom: 0px\">Profile: <a href=\"StructureDefinition-mammaprint-score.html\">Mammaprint score</a></p></div><p><b>status</b>: final</p><p><b>code</b>: Mammaprint Score <span style=\"background: LightGoldenRodYellow; margin: 4px; border: 1px solid khaki\"> (<a href=\"CodeSystem-MolecularProfilingCodeSystem.html\">Molecular Profiling CodeSystem</a>#mammaprint)</span></p><p><b>subject</b>: <a href=\"Patient-BreastCancerPatient147.html\">Patient/BreastCancerPatient147</a> &quot; LETSCHE&quot;</p><p><b>value</b>: 0.761854476345979</p></div>"
  },
  "status" : "final",
  "code" : {
    "coding" : [{
      "system" : "http://hl7.org/fhir/uv/ichom-breast-cancer/CodeSystem/MolecularProfilingCodeSystem",
      "code" : "mammaprint",
      "display" : "Mammaprint Score"
    }]
  },
  "subject" : {
    "reference" : "Patient/BreastCancerPatient147"
  },
  "valueQuantity" : {
    "value" : 0.761854476345979
  }
}