<?xml version="1.0" encoding="UTF-8"?>

<Observation xmlns="http://hl7.org/fhir">
  <id value="ClinicalTumorStagePatient147"/>
  <meta>
    <profile value="http://hl7.org/fhir/uv/ichom-breast-cancer/StructureDefinition/tnm-primary-tumor-stage"/>
  </meta>
  <text>
    <status value="generated"/><div xmlns="http://www.w3.org/1999/xhtml"><p><b>Generated Narrative: Observation</b><a name="ClinicalTumorStagePatient147"> </a></p><div style="display: inline-block; background-color: #d9e0e7; padding: 6px; margin: 4px; border: 1px solid #8da1b4; border-radius: 5px; line-height: 60%"><p style="margin-bottom: 0px">Resource Observation &quot;ClinicalTumorStagePatient147&quot; </p><p style="margin-bottom: 0px">Profile: <a href="StructureDefinition-tnm-primary-tumor-stage.html">TNM Primary Tumor Stage</a></p></div><p><b>status</b>: final</p><p><b>code</b>: Tumor stage finding <span style="background: LightGoldenRodYellow; margin: 4px; border: 1px solid khaki"> (<a href="https://browser.ihtsdotools.org/">SNOMED CT</a>#385356007)</span></p><p><b>subject</b>: <a href="Patient-BreastCancerPatient147.html">Patient/BreastCancerPatient147</a> &quot; LETSCHE&quot;</p><p><b>focus</b>: <a href="Condition-PrimaryBreastCancerPatient147.html">Condition/PrimaryBreastCancerPatient147</a></p><p><b>value</b>: American Joint Committee on Cancer cTis(Paget) <span style="background: LightGoldenRodYellow; margin: 4px; border: 1px solid khaki"> (<a href="https://browser.ihtsdotools.org/">SNOMED CT</a>#1228888009)</span></p></div>
  </text>
  <status value="final"/>
  <code>
    <coding>
      <system value="http://snomed.info/sct"/>
      <code value="385356007"/>
      <display value="Tumor stage finding"/>
    </coding>
  </code>
  <subject>
    <reference value="Patient/BreastCancerPatient147"/>
  </subject>
  <focus>
    <reference value="Condition/PrimaryBreastCancerPatient147"/>
  </focus>
  <valueCodeableConcept>
    <coding>
      <system value="http://snomed.info/sct"/>
      <code value="1228888009"/>
      <display value="American Joint Committee on Cancer cTis(Paget)"/>
    </coding>
  </valueCodeableConcept>
</Observation>