{
  "resourceType" : "Observation",
  "id" : "BodyWeightPatient147",
  "meta" : {
    "profile" : ["http://hl7.org/fhir/uv/ichom-breast-cancer/StructureDefinition/ichom-body-weight"]
  },
  "text" : {
    "status" : "generated",
    "div" : "<div xmlns=\"http://www.w3.org/1999/xhtml\"><p><b>Generated Narrative: Observation</b><a name=\"BodyWeightPatient147\"> </a></p><div style=\"display: inline-block; background-color: #d9e0e7; padding: 6px; margin: 4px; border: 1px solid #8da1b4; border-radius: 5px; line-height: 60%\"><p style=\"margin-bottom: 0px\">Resource Observation &quot;BodyWeightPatient147&quot; </p><p style=\"margin-bottom: 0px\">Profile: <a href=\"StructureDefinition-ichom-body-weight.html\">Body weight</a></p></div><p><b>status</b>: final</p><p><b>category</b>: Vital Signs <span style=\"background: LightGoldenRodYellow; margin: 4px; border: 1px solid khaki\"> (<a href=\"http://terminology.hl7.org/5.0.0/CodeSystem-observation-category.html\">Observation Category Codes</a>#vital-signs)</span></p><p><b>code</b>: 29463-7 <span style=\"background: LightGoldenRodYellow; margin: 4px; border: 1px solid khaki\"> (<a href=\"https://loinc.org/\">LOINC</a>#29463-7)</span></p><p><b>subject</b>: <a href=\"Patient-BreastCancerPatient147.html\">Patient/BreastCancerPatient147</a> &quot; LETSCHE&quot;</p><p><b>effective</b>: 2019-04-01</p><p><b>value</b>: 70 kg<span style=\"background: LightGoldenRodYellow\"> (Details: UCUM code kg = 'kg')</span></p></div>"
  },
  "status" : "final",
  "category" : [{
    "coding" : [{
      "system" : "http://terminology.hl7.org/CodeSystem/observation-category",
      "code" : "vital-signs"
    }]
  }],
  "code" : {
    "coding" : [{
      "system" : "http://loinc.org",
      "code" : "29463-7"
    }]
  },
  "subject" : {
    "reference" : "Patient/BreastCancerPatient147"
  },
  "effectiveDateTime" : "2019-04-01",
  "valueQuantity" : {
    "value" : 70,
    "unit" : "kg",
    "system" : "http://unitsofmeasure.org",
    "code" : "kg"
  }
}