{
  "resourceType" : "Observation",
  "id" : "ClinicalTNMStagePatient147",
  "meta" : {
    "profile" : ["http://ig-ichombreastcancer.gabriellesantosleandro.com/StructureDefinition/breast-cancer-stage-group"]
  },
  "text" : {
    "status" : "generated",
    "div" : "<div xmlns=\"http://www.w3.org/1999/xhtml\"><p><b>Generated Narrative: Observation</b><a name=\"ClinicalTNMStagePatient147\"> </a></p><div style=\"display: inline-block; background-color: #d9e0e7; padding: 6px; margin: 4px; border: 1px solid #8da1b4; border-radius: 5px; line-height: 60%\"><p style=\"margin-bottom: 0px\">Resource Observation &quot;ClinicalTNMStagePatient147&quot; </p><p style=\"margin-bottom: 0px\">Profile: <a href=\"StructureDefinition-breast-cancer-stage-group.html\">Cancer Stage Group</a></p></div><p><b>status</b>: final</p><p><b>code</b>: Stage group.clinical Cancer <span style=\"background: LightGoldenRodYellow; margin: 4px; border: 1px solid khaki\"> (<a href=\"https://loinc.org/\">LOINC</a>#21908-9)</span></p><p><b>subject</b>: <a href=\"Patient-BreastCancerPatient147.html\">Patient/BreastCancerPatient147</a> &quot; LETSCHE&quot;</p><p><b>hasMember</b>: </p><ul><li><a href=\"Observation-ClinicalTumorStagePatient147.html\">Observation/ClinicalTumorStagePatient147</a></li><li><a href=\"Observation-ClinicalNodalStagePatient147.html\">Observation/ClinicalNodalStagePatient147</a></li><li><a href=\"Observation-ClinicalMetastasesPatient147.html\">Observation/ClinicalMetastasesPatient147</a></li></ul></div>"
  },
  "status" : "final",
  "code" : {
    "coding" : [{
      "system" : "http://loinc.org",
      "code" : "21908-9",
      "display" : "Stage group.clinical Cancer"
    }]
  },
  "subject" : {
    "reference" : "Patient/BreastCancerPatient147"
  },
  "hasMember" : [{
    "reference" : "Observation/ClinicalTumorStagePatient147"
  },
  {
    "reference" : "Observation/ClinicalNodalStagePatient147"
  },
  {
    "reference" : "Observation/ClinicalMetastasesPatient147"
  }]
}