<?xml version="1.0" encoding="UTF-8"?>

<Observation xmlns="http://hl7.org/fhir">
  <id value="DeathAttributableBCPatient147"/>
  <meta>
    <profile value="http://ig-ichombreastcancer.gabriellesantosleandro.com/StructureDefinition/death-attr-bc"/>
  </meta>
  <text>
    <status value="generated"/><div xmlns="http://www.w3.org/1999/xhtml"><p><b>Generated Narrative: Observation</b><a name="DeathAttributableBCPatient147"> </a></p><div style="display: inline-block; background-color: #d9e0e7; padding: 6px; margin: 4px; border: 1px solid #8da1b4; border-radius: 5px; line-height: 60%"><p style="margin-bottom: 0px">Resource Observation &quot;DeathAttributableBCPatient147&quot; </p><p style="margin-bottom: 0px">Profile: <a href="StructureDefinition-death-attr-bc.html">Death attributable to breast cancer</a></p></div><p><b>status</b>: final</p><p><b>code</b>: Death where Due to = Malignant tumor of breast <span style="background: LightGoldenRodYellow; margin: 4px; border: 1px solid khaki"> (<a href="https://browser.ihtsdotools.org/">SNOMED CT</a>#419620001:42752001=254837009)</span></p><p><b>subject</b>: <a href="Patient-BreastCancerPatient147.html">Patient/BreastCancerPatient147</a> &quot; LETSCHE&quot;</p><p><b>value</b>: No <span style="background: LightGoldenRodYellow; margin: 4px; border: 1px solid khaki"> (<a href="http://terminology.hl7.org/5.0.0/CodeSystem-v2-0532.html">expandedYes-NoIndicator</a>#N)</span></p></div>
  </text>
  <status value="final"/>
  <code>
    <coding>
      <system value="http://snomed.info/sct"/>
      <code value="419620001:42752001=254837009"/>
      <display value="Death where Due to = Malignant tumor of breast"/>
    </coding>
  </code>
  <subject>
    <reference value="Patient/BreastCancerPatient147"/>
  </subject>
  <valueCodeableConcept>
    <coding>
      <system value="http://terminology.hl7.org/CodeSystem/v2-0532"/>
      <code value="N"/>
    </coding>
  </valueCodeableConcept>
</Observation>