{
  "resourceType" : "Observation",
  "id" : "ERStatusPatient147",
  "meta" : {
    "profile" : ["http://ig-ichombreastcancer.gabriellesantosleandro.com/StructureDefinition/er-status"]
  },
  "text" : {
    "status" : "generated",
    "div" : "<div xmlns=\"http://www.w3.org/1999/xhtml\"><p><b>Generated Narrative: Observation</b><a name=\"ERStatusPatient147\"> </a></p><div style=\"display: inline-block; background-color: #d9e0e7; padding: 6px; margin: 4px; border: 1px solid #8da1b4; border-radius: 5px; line-height: 60%\"><p style=\"margin-bottom: 0px\">Resource Observation &quot;ERStatusPatient147&quot; </p><p style=\"margin-bottom: 0px\">Profile: <a href=\"StructureDefinition-er-status.html\">Estrogen receptor status</a></p></div><p><b>status</b>: final</p><p><b>code</b>: Status of estrogen receptors of neoplasm <span style=\"background: LightGoldenRodYellow; margin: 4px; border: 1px solid khaki\"> (<a href=\"https://browser.ihtsdotools.org/\">SNOMED CT</a>#445028008)</span></p><p><b>subject</b>: <a href=\"Patient-BreastCancerPatient147.html\">Patient/BreastCancerPatient147</a> &quot; LETSCHE&quot;</p><p><b>value</b>: Estrogen receptor positive tumor <span style=\"background: LightGoldenRodYellow; margin: 4px; border: 1px solid khaki\"> (<a href=\"https://browser.ihtsdotools.org/\">SNOMED CT</a>#416053008)</span></p></div>"
  },
  "status" : "final",
  "code" : {
    "coding" : [{
      "system" : "http://snomed.info/sct",
      "code" : "445028008",
      "display" : "Status of estrogen receptors of neoplasm"
    }]
  },
  "subject" : {
    "reference" : "Patient/BreastCancerPatient147"
  },
  "valueCodeableConcept" : {
    "coding" : [{
      "system" : "http://snomed.info/sct",
      "code" : "416053008",
      "display" : "Estrogen receptor positive tumor"
    }]
  }
}