{
  "resourceType" : "Observation",
  "id" : "PathologicalMetastasesPatient147",
  "meta" : {
    "profile" : ["http://hl7.org/fhir/uv/ichom-breast-cancer/StructureDefinition/tnm-distant-metastases"]
  },
  "text" : {
    "status" : "generated",
    "div" : "<div xmlns=\"http://www.w3.org/1999/xhtml\"><p><b>Generated Narrative: Observation</b><a name=\"PathologicalMetastasesPatient147\"> </a></p><div style=\"display: inline-block; background-color: #d9e0e7; padding: 6px; margin: 4px; border: 1px solid #8da1b4; border-radius: 5px; line-height: 60%\"><p style=\"margin-bottom: 0px\">Resource Observation &quot;PathologicalMetastasesPatient147&quot; </p><p style=\"margin-bottom: 0px\">Profile: <a href=\"StructureDefinition-tnm-distant-metastases.html\">TNM Distant Metastases</a></p></div><p><b>status</b>: final</p><p><b>code</b>: Metastasis category finding <span style=\"background: LightGoldenRodYellow; margin: 4px; border: 1px solid khaki\"> (<a href=\"https://browser.ihtsdotools.org/\">SNOMED CT</a>#385380006)</span></p><p><b>subject</b>: <a href=\"Patient-BreastCancerPatient147.html\">Patient/BreastCancerPatient147</a> &quot; LETSCHE&quot;</p><p><b>focus</b>: <a href=\"Condition-PrimaryBreastCancerPatient147.html\">Condition/PrimaryBreastCancerPatient147</a></p><p><b>value</b>: American Joint Committee on Cancer pM1 <span style=\"background: LightGoldenRodYellow; margin: 4px; border: 1px solid khaki\"> (<a href=\"https://browser.ihtsdotools.org/\">SNOMED CT</a>#1229916009)</span></p></div>"
  },
  "status" : "final",
  "code" : {
    "coding" : [{
      "system" : "http://snomed.info/sct",
      "code" : "385380006",
      "display" : "Metastasis category finding"
    }]
  },
  "subject" : {
    "reference" : "Patient/BreastCancerPatient147"
  },
  "focus" : [{
    "reference" : "Condition/PrimaryBreastCancerPatient147"
  }],
  "valueCodeableConcept" : {
    "coding" : [{
      "system" : "http://snomed.info/sct",
      "code" : "1229916009",
      "display" : "American Joint Committee on Cancer pM1"
    }]
  }
}