<?xml version="1.0" encoding="UTF-8"?>

<Observation xmlns="http://hl7.org/fhir">
  <id value="ClinicalTNMStagePatient147"/>
  <meta>
    <profile value="http://ig-ichombreastcancer.gabriellesantosleandro.com/StructureDefinition/breast-cancer-stage-group"/>
  </meta>
  <text>
    <status value="generated"/><div xmlns="http://www.w3.org/1999/xhtml"><p><b>Generated Narrative: Observation</b><a name="ClinicalTNMStagePatient147"> </a></p><div style="display: inline-block; background-color: #d9e0e7; padding: 6px; margin: 4px; border: 1px solid #8da1b4; border-radius: 5px; line-height: 60%"><p style="margin-bottom: 0px">Resource Observation &quot;ClinicalTNMStagePatient147&quot; </p><p style="margin-bottom: 0px">Profile: <a href="StructureDefinition-breast-cancer-stage-group.html">Cancer Stage Group</a></p></div><p><b>status</b>: final</p><p><b>code</b>: Stage group.clinical Cancer <span style="background: LightGoldenRodYellow; margin: 4px; border: 1px solid khaki"> (<a href="https://loinc.org/">LOINC</a>#21908-9)</span></p><p><b>subject</b>: <a href="Patient-BreastCancerPatient147.html">Patient/BreastCancerPatient147</a> &quot; LETSCHE&quot;</p><p><b>hasMember</b>: </p><ul><li><a href="Observation-ClinicalTumorStagePatient147.html">Observation/ClinicalTumorStagePatient147</a></li><li><a href="Observation-ClinicalNodalStagePatient147.html">Observation/ClinicalNodalStagePatient147</a></li><li><a href="Observation-ClinicalMetastasesPatient147.html">Observation/ClinicalMetastasesPatient147</a></li></ul></div>
  </text>
  <status value="final"/>
  <code>
    <coding>
      <system value="http://loinc.org"/>
      <code value="21908-9"/>
      <display value="Stage group.clinical Cancer"/>
    </coding>
  </code>
  <subject>
    <reference value="Patient/BreastCancerPatient147"/>
  </subject>
  <hasMember>
    <reference value="Observation/ClinicalTumorStagePatient147"/>
  </hasMember>
  <hasMember>
    <reference value="Observation/ClinicalNodalStagePatient147"/>
  </hasMember>
  <hasMember>
    <reference value="Observation/ClinicalMetastasesPatient147"/>
  </hasMember>
</Observation>