{
  "resourceType" : "Observation",
  "id" : "ClinicalTumorStagePatient147",
  "meta" : {
    "profile" : ["http://ig-ichombreastcancer.gabriellesantosleandro.com/StructureDefinition/tnm-primary-tumor-stage"]
  },
  "text" : {
    "status" : "generated",
    "div" : "<div xmlns=\"http://www.w3.org/1999/xhtml\"><p><b>Generated Narrative: Observation</b><a name=\"ClinicalTumorStagePatient147\"> </a></p><div style=\"display: inline-block; background-color: #d9e0e7; padding: 6px; margin: 4px; border: 1px solid #8da1b4; border-radius: 5px; line-height: 60%\"><p style=\"margin-bottom: 0px\">Resource Observation &quot;ClinicalTumorStagePatient147&quot; </p><p style=\"margin-bottom: 0px\">Profile: <a href=\"StructureDefinition-tnm-primary-tumor-stage.html\">TNM Primary Tumor Stage</a></p></div><p><b>status</b>: final</p><p><b>code</b>: Tumor stage finding <span style=\"background: LightGoldenRodYellow; margin: 4px; border: 1px solid khaki\"> (<a href=\"https://browser.ihtsdotools.org/\">SNOMED CT</a>#385356007)</span></p><p><b>subject</b>: <a href=\"Patient-BreastCancerPatient147.html\">Patient/BreastCancerPatient147</a> &quot; LETSCHE&quot;</p><p><b>focus</b>: <a href=\"Condition-PrimaryBreastCancerPatient147.html\">Condition/PrimaryBreastCancerPatient147</a></p><p><b>value</b>: American Joint Committee on Cancer cTis(Paget) <span style=\"background: LightGoldenRodYellow; margin: 4px; border: 1px solid khaki\"> (<a href=\"https://browser.ihtsdotools.org/\">SNOMED CT</a>#1228888009)</span></p></div>"
  },
  "status" : "final",
  "code" : {
    "coding" : [{
      "system" : "http://snomed.info/sct",
      "code" : "385356007",
      "display" : "Tumor stage finding"
    }]
  },
  "subject" : {
    "reference" : "Patient/BreastCancerPatient147"
  },
  "focus" : [{
    "reference" : "Condition/PrimaryBreastCancerPatient147"
  }],
  "valueCodeableConcept" : {
    "coding" : [{
      "system" : "http://snomed.info/sct",
      "code" : "1228888009",
      "display" : "American Joint Committee on Cancer cTis(Paget)"
    }]
  }
}