{
  "resourceType" : "Procedure",
  "id" : "AxillaryClearancePatient147",
  "meta" : {
    "profile" : ["http://hl7.org/fhir/uv/ichom-breast-cancer/StructureDefinition/axillary-clearance"]
  },
  "text" : {
    "status" : "generated",
    "div" : "<div xmlns=\"http://www.w3.org/1999/xhtml\"><p><b>Generated Narrative: Procedure</b><a name=\"AxillaryClearancePatient147\"> </a></p><div style=\"display: inline-block; background-color: #d9e0e7; padding: 6px; margin: 4px; border: 1px solid #8da1b4; border-radius: 5px; line-height: 60%\"><p style=\"margin-bottom: 0px\">Resource Procedure &quot;AxillaryClearancePatient147&quot; </p><p style=\"margin-bottom: 0px\">Profile: <a href=\"StructureDefinition-axillary-clearance.html\">Axillary clearance</a></p></div><p><b>status</b>: completed</p><p><b>code</b>: Complete axillary lymphadenectomy <span style=\"background: LightGoldenRodYellow; margin: 4px; border: 1px solid khaki\"> (<a href=\"https://browser.ihtsdotools.org/\">SNOMED CT</a>#79544006)</span></p><p><b>subject</b>: <a href=\"Patient-BreastCancerPatient147.html\">Patient/BreastCancerPatient147</a> &quot; LETSCHE&quot;</p><p><b>performed</b>: 2022-02-12</p><p><b>reasonReference</b>: <a href=\"Procedure-AxillaSurgeryPatient147.html\">Procedure/AxillaSurgeryPatient147</a></p></div>"
  },
  "status" : "completed",
  "code" : {
    "coding" : [{
      "system" : "http://snomed.info/sct",
      "code" : "79544006",
      "display" : "Complete axillary lymphadenectomy"
    }]
  },
  "subject" : {
    "reference" : "Patient/BreastCancerPatient147"
  },
  "performedDateTime" : "2022-02-12",
  "reasonReference" : [{
    "reference" : "Procedure/AxillaSurgeryPatient147"
  }]
}