{"resourceType":"CodeSystem","id":"SatisfactionResponseCodeSystem","text":{"status":"generated","div":"<div xmlns=\"http://www.w3.org/1999/xhtml\"><p>This case-sensitive code system <code>http://ig-ichombreastcancer.gabriellesantosleandro.com/CodeSystem/SatisfactionResponseCodeSystem</code> defines the following codes:</p><table class=\"codes\"><tr><td style=\"white-space:nowrap\"><b>Code</b></td><td><b>Display</b></td></tr><tr><td style=\"white-space:nowrap\">very-dissatisfied<a name=\"SatisfactionResponseCodeSystem-very-dissatisfied\"> </a></td><td>Very dissatisfied</td></tr><tr><td style=\"white-space:nowrap\">somewhat-dissatisfied<a name=\"SatisfactionResponseCodeSystem-somewhat-dissatisfied\"> </a></td><td>Somewhat dissatisfied</td></tr><tr><td style=\"white-space:nowrap\">somewhat-satisfied<a name=\"SatisfactionResponseCodeSystem-somewhat-satisfied\"> </a></td><td>Somewhat satisfied</td></tr><tr><td style=\"white-space:nowrap\">very-satisfied<a name=\"SatisfactionResponseCodeSystem-very-satisfied\"> </a></td><td>Very satisfied</td></tr></table></div>"},"extension":[{"url":"http://hl7.org/fhir/StructureDefinition/structuredefinition-fmm","valueInteger":2,"_valueInteger":{"extension":[{"url":"http://hl7.org/fhir/StructureDefinition/structuredefinition-conformance-derivedFrom","valueCanonical":"http://ig-ichombreastcancer.gabriellesantosleandro.com/ImplementationGuide/hl7.fhir.uv.ichom-breast-cancer"}]}},{"url":"http://hl7.org/fhir/StructureDefinition/structuredefinition-standards-status","valueCode":"trial-use","_valueCode":{"extension":[{"url":"http://hl7.org/fhir/StructureDefinition/structuredefinition-conformance-derivedFrom","valueCanonical":"http://ig-ichombreastcancer.gabriellesantosleandro.com/ImplementationGuide/hl7.fhir.uv.ichom-breast-cancer"}]}}],"url":"http://ig-ichombreastcancer.gabriellesantosleandro.com/CodeSystem/SatisfactionResponseCodeSystem","version":"1.0.0","name":"SatisfactionResponseCodeSystem","title":"Satisfaction response CodeSystem","status":"active","experimental":false,"date":"2023-11-13T00:45:53-03:00","publisher":"HL7 International - Clinical Interoperability Council Group","contact":[{"name":"HL7 International - Clinical Interoperability Council Group","telecom":[{"system":"url","value":"http://www.hl7.org/Special/committees/cic"}]}],"description":"Codes used in a Patient Reported Outcomes Instrument to express the statisfation response","jurisdiction":[{"coding":[{"system":"http://unstats.un.org/unsd/methods/m49/m49.htm","code":"001","display":"World"}]}],"caseSensitive":true,"content":"complete","count":4,"concept":[{"code":"very-dissatisfied","display":"Very dissatisfied"},{"code":"somewhat-dissatisfied","display":"Somewhat dissatisfied"},{"code":"somewhat-satisfied","display":"Somewhat satisfied"},{"code":"very-satisfied","display":"Very satisfied"}]}