{"resourceType":"CodeSystem","id":"TreatmentPlanFollowedCodeSystem","text":{"status":"generated","div":"<div xmlns=\"http://www.w3.org/1999/xhtml\"><p>This case-sensitive code system <code>http://ig-ichombreastcancer.gabriellesantosleandro.com/CodeSystem/TreatmentPlanFollowedCodeSystem</code> defines the following codes:</p><table class=\"codes\"><tr><td style=\"white-space:nowrap\"><b>Code</b></td><td><b>Display</b></td></tr><tr><td style=\"white-space:nowrap\">no<a name=\"TreatmentPlanFollowedCodeSystem-no\"> </a></td><td>No, not followed</td></tr><tr><td style=\"white-space:nowrap\">yes<a name=\"TreatmentPlanFollowedCodeSystem-yes\"> </a></td><td>Yes, fully followed</td></tr><tr><td style=\"white-space:nowrap\">some<a name=\"TreatmentPlanFollowedCodeSystem-some\"> </a></td><td>Some treatments followed</td></tr></table></div>"},"extension":[{"url":"http://hl7.org/fhir/StructureDefinition/structuredefinition-fmm","valueInteger":2,"_valueInteger":{"extension":[{"url":"http://hl7.org/fhir/StructureDefinition/structuredefinition-conformance-derivedFrom","valueCanonical":"http://ig-ichombreastcancer.gabriellesantosleandro.com/ImplementationGuide/hl7.fhir.uv.ichom-breast-cancer"}]}},{"url":"http://hl7.org/fhir/StructureDefinition/structuredefinition-standards-status","valueCode":"trial-use","_valueCode":{"extension":[{"url":"http://hl7.org/fhir/StructureDefinition/structuredefinition-conformance-derivedFrom","valueCanonical":"http://ig-ichombreastcancer.gabriellesantosleandro.com/ImplementationGuide/hl7.fhir.uv.ichom-breast-cancer"}]}}],"url":"http://ig-ichombreastcancer.gabriellesantosleandro.com/CodeSystem/TreatmentPlanFollowedCodeSystem","version":"1.0.0","name":"TreatmentPlanFollowedCodeSystem","title":"Real Treatment Plan Followed CodeSystem","status":"active","experimental":false,"date":"2023-11-13T00:45:53-03:00","publisher":"HL7 International - Clinical Interoperability Council Group","contact":[{"name":"HL7 International - Clinical Interoperability Council Group","telecom":[{"system":"url","value":"http://www.hl7.org/Special/committees/cic"}]}],"description":"Codes covering if the patient followed the multidisciplinary recommended treatment plan","jurisdiction":[{"coding":[{"system":"http://unstats.un.org/unsd/methods/m49/m49.htm","code":"001","display":"World"}]}],"caseSensitive":true,"content":"complete","count":3,"concept":[{"code":"no","display":"No, not followed"},{"code":"yes","display":"Yes, fully followed"},{"code":"some","display":"Some treatments followed"}]}