{"resourceType":"CodeSystem","id":"RecurrenceCodeSystem","text":{"status":"generated","div":"<div xmlns=\"http://www.w3.org/1999/xhtml\"><p>This case-sensitive code system <code>http://ig-ichombreastcancer.gabriellesantosleandro.com/CodeSystem/RecurrenceCodeSystem</code> defines the following codes:</p><table class=\"codes\"><tr><td style=\"white-space:nowrap\"><b>Code</b></td><td><b>Display</b></td></tr><tr><td style=\"white-space:nowrap\">local-recurrence<a name=\"RecurrenceCodeSystem-local-recurrence\"> </a></td><td>Yes, local recurrence</td></tr><tr><td style=\"white-space:nowrap\">regional-recurrence<a name=\"RecurrenceCodeSystem-regional-recurrence\"> </a></td><td>Yes, regional recurrence</td></tr><tr><td style=\"white-space:nowrap\">distant-recurrence<a name=\"RecurrenceCodeSystem-distant-recurrence\"> </a></td><td>Yes, distant recurrence</td></tr></table></div>"},"extension":[{"url":"http://hl7.org/fhir/StructureDefinition/structuredefinition-fmm","valueInteger":2,"_valueInteger":{"extension":[{"url":"http://hl7.org/fhir/StructureDefinition/structuredefinition-conformance-derivedFrom","valueCanonical":"http://ig-ichombreastcancer.gabriellesantosleandro.com/ImplementationGuide/hl7.fhir.uv.ichom-breast-cancer"}]}},{"url":"http://hl7.org/fhir/StructureDefinition/structuredefinition-standards-status","valueCode":"trial-use","_valueCode":{"extension":[{"url":"http://hl7.org/fhir/StructureDefinition/structuredefinition-conformance-derivedFrom","valueCanonical":"http://ig-ichombreastcancer.gabriellesantosleandro.com/ImplementationGuide/hl7.fhir.uv.ichom-breast-cancer"}]}}],"url":"http://ig-ichombreastcancer.gabriellesantosleandro.com/CodeSystem/RecurrenceCodeSystem","version":"1.0.0","name":"RecurrenceCodeSystem","title":"Recurrence of neoplasm CodeSystem","status":"active","experimental":false,"date":"2023-11-12T21:01:00+00:00","publisher":"HL7 International - Clinical Interoperability Council Group","contact":[{"name":"HL7 International - Clinical Interoperability Council Group","telecom":[{"system":"url","value":"http://www.hl7.org/Special/committees/cic"}]}],"description":"Additional code covering whether there is evidence of local, regional or distant recurrence of neoplasm","jurisdiction":[{"coding":[{"system":"http://unstats.un.org/unsd/methods/m49/m49.htm","code":"001","display":"World"}]}],"caseSensitive":true,"content":"complete","count":3,"concept":[{"code":"local-recurrence","display":"Yes, local recurrence"},{"code":"regional-recurrence","display":"Yes, regional recurrence"},{"code":"distant-recurrence","display":"Yes, distant recurrence"}]}