{"resourceType":"CodeSystem","id":"TreatmentTypesCodeSystem","text":{"status":"generated","div":"<div xmlns=\"http://www.w3.org/1999/xhtml\"><p>This case-sensitive code system <code>http://ig-ichombreastcancer.gabriellesantosleandro.com/CodeSystem/TreatmentTypesCodeSystem</code> defines the following codes:</p><table class=\"codes\"><tr><td style=\"white-space:nowrap\"><b>Code</b></td><td><b>Display</b></td></tr><tr><td style=\"white-space:nowrap\">adjuvant-chemotherapy<a name=\"TreatmentTypesCodeSystem-adjuvant-chemotherapy\"> </a></td><td>Adjuvant chemotherapy</td></tr><tr><td style=\"white-space:nowrap\">neoadjuvant-chemotherapy<a name=\"TreatmentTypesCodeSystem-neoadjuvant-chemotherapy\"> </a></td><td>Neoadjuvant chemotherapy</td></tr><tr><td style=\"white-space:nowrap\">targeted-therapy<a name=\"TreatmentTypesCodeSystem-targeted-therapy\"> </a></td><td>Targeted therapy</td></tr><tr><td style=\"white-space:nowrap\">no-treatment<a name=\"TreatmentTypesCodeSystem-no-treatment\"> </a></td><td>No treatment</td></tr></table></div>"},"extension":[{"url":"http://hl7.org/fhir/StructureDefinition/structuredefinition-fmm","valueInteger":2,"_valueInteger":{"extension":[{"url":"http://hl7.org/fhir/StructureDefinition/structuredefinition-conformance-derivedFrom","valueCanonical":"http://ig-ichombreastcancer.gabriellesantosleandro.com/ImplementationGuide/hl7.fhir.uv.ichom-breast-cancer"}]}},{"url":"http://hl7.org/fhir/StructureDefinition/structuredefinition-standards-status","valueCode":"trial-use","_valueCode":{"extension":[{"url":"http://hl7.org/fhir/StructureDefinition/structuredefinition-conformance-derivedFrom","valueCanonical":"http://ig-ichombreastcancer.gabriellesantosleandro.com/ImplementationGuide/hl7.fhir.uv.ichom-breast-cancer"}]}}],"url":"http://ig-ichombreastcancer.gabriellesantosleandro.com/CodeSystem/TreatmentTypesCodeSystem","version":"1.0.0","name":"TreatmentTypesCodeSystem","title":"Treatment variables CodeSytem","status":"active","experimental":false,"date":"2023-11-13T00:45:53-03:00","publisher":"HL7 International - Clinical Interoperability Council Group","contact":[{"name":"HL7 International - Clinical Interoperability Council Group","telecom":[{"system":"url","value":"http://www.hl7.org/Special/committees/cic"}]}],"description":"Codes defining types of treatment a breast cancer patient could receive","jurisdiction":[{"coding":[{"system":"http://unstats.un.org/unsd/methods/m49/m49.htm","code":"001","display":"World"}]}],"caseSensitive":true,"content":"complete","count":4,"concept":[{"code":"adjuvant-chemotherapy","display":"Adjuvant chemotherapy"},{"code":"neoadjuvant-chemotherapy","display":"Neoadjuvant chemotherapy"},{"code":"targeted-therapy","display":"Targeted therapy"},{"code":"no-treatment","display":"No treatment"}]}