{"resourceType":"CodeSystem","id":"TreatmentPlanNotFollowedCodeSystem","text":{"status":"generated","div":"<div xmlns=\"http://www.w3.org/1999/xhtml\"><p>This case-sensitive code system <code>http://hl7.org/fhir/uv/ichom-breast-cancer/CodeSystem/TreatmentPlanNotFollowedCodeSystem</code> defines the following codes:</p><table class=\"codes\"><tr><td style=\"white-space:nowrap\"><b>Code</b></td><td><b>Display</b></td></tr><tr><td style=\"white-space:nowrap\">patient-preference<a name=\"TreatmentPlanNotFollowedCodeSystem-patient-preference\"> </a></td><td>Patient preference</td></tr><tr><td style=\"white-space:nowrap\">clinical-reasons<a name=\"TreatmentPlanNotFollowedCodeSystem-clinical-reasons\"> </a></td><td>Clinical reasons</td></tr></table></div>"},"extension":[{"url":"http://hl7.org/fhir/StructureDefinition/structuredefinition-fmm","valueInteger":2,"_valueInteger":{"extension":[{"url":"http://hl7.org/fhir/StructureDefinition/structuredefinition-conformance-derivedFrom","valueCanonical":"http://hl7.org/fhir/uv/ichom-breast-cancer/ImplementationGuide/hl7.fhir.uv.ichom-breast-cancer"}]}},{"url":"http://hl7.org/fhir/StructureDefinition/structuredefinition-standards-status","valueCode":"trial-use","_valueCode":{"extension":[{"url":"http://hl7.org/fhir/StructureDefinition/structuredefinition-conformance-derivedFrom","valueCanonical":"http://hl7.org/fhir/uv/ichom-breast-cancer/ImplementationGuide/hl7.fhir.uv.ichom-breast-cancer"}]}}],"url":"http://hl7.org/fhir/uv/ichom-breast-cancer/CodeSystem/TreatmentPlanNotFollowedCodeSystem","version":"1.0.0","name":"TreatmentPlanNotFollowedCodeSystem","title":"Real Treatment Plan Not Followed CodeSystem","status":"active","experimental":false,"date":"2023-10-15T00:28:22+00:00","publisher":"HL7 International - Clinical Interoperability Council Group","contact":[{"name":"HL7 International - Clinical Interoperability Council Group","telecom":[{"system":"url","value":"http://www.hl7.org/Special/committees/cic"}]}],"description":"Codes covering if the patient has not followed the multidisciplinary recommended treatment plan","jurisdiction":[{"coding":[{"system":"http://unstats.un.org/unsd/methods/m49/m49.htm","code":"001","display":"World"}]}],"caseSensitive":true,"content":"complete","count":2,"concept":[{"code":"patient-preference","display":"Patient preference"},{"code":"clinical-reasons","display":"Clinical reasons"}]}