{"resourceType":"CodeSystem","id":"ReconstructionTypeCodeSystem","text":{"status":"generated","div":"<div xmlns=\"http://www.w3.org/1999/xhtml\"><p>This case-sensitive code system <code>http://ig-ichombreastcancer.gabriellesantosleandro.com/CodeSystem/ReconstructionTypeCodeSystem</code> defines the following codes:</p><table class=\"codes\"><tr><td style=\"white-space:nowrap\"><b>Code</b></td><td><b>Display</b></td></tr><tr><td style=\"white-space:nowrap\">direct-implant<a name=\"ReconstructionTypeCodeSystem-direct-implant\"> </a></td><td>Direct implant</td></tr><tr><td style=\"white-space:nowrap\">staged-implant<a name=\"ReconstructionTypeCodeSystem-staged-implant\"> </a></td><td>Staged implant</td></tr><tr><td style=\"white-space:nowrap\">autologous<a name=\"ReconstructionTypeCodeSystem-autologous\"> </a></td><td>Autologous</td></tr><tr><td style=\"white-space:nowrap\">both<a name=\"ReconstructionTypeCodeSystem-both\"> </a></td><td>Both implant and autologous</td></tr></table></div>"},"extension":[{"url":"http://hl7.org/fhir/StructureDefinition/structuredefinition-fmm","valueInteger":2,"_valueInteger":{"extension":[{"url":"http://hl7.org/fhir/StructureDefinition/structuredefinition-conformance-derivedFrom","valueCanonical":"http://ig-ichombreastcancer.gabriellesantosleandro.com/ImplementationGuide/hl7.fhir.uv.ichom-breast-cancer"}]}},{"url":"http://hl7.org/fhir/StructureDefinition/structuredefinition-standards-status","valueCode":"trial-use","_valueCode":{"extension":[{"url":"http://hl7.org/fhir/StructureDefinition/structuredefinition-conformance-derivedFrom","valueCanonical":"http://ig-ichombreastcancer.gabriellesantosleandro.com/ImplementationGuide/hl7.fhir.uv.ichom-breast-cancer"}]}}],"url":"http://ig-ichombreastcancer.gabriellesantosleandro.com/CodeSystem/ReconstructionTypeCodeSystem","version":"1.0.0","name":"ReconstructionTypeCodeSystem","title":"Type of reconstruction surgery CodeSystem","status":"active","experimental":false,"date":"2023-11-13T00:45:53-03:00","publisher":"HL7 International - Clinical Interoperability Council Group","contact":[{"name":"HL7 International - Clinical Interoperability Council Group","telecom":[{"system":"url","value":"http://www.hl7.org/Special/committees/cic"}]}],"description":"Codes indicating the type of reconstruction surgery that is performed","jurisdiction":[{"coding":[{"system":"http://unstats.un.org/unsd/methods/m49/m49.htm","code":"001","display":"World"}]}],"caseSensitive":true,"content":"complete","count":4,"concept":[{"code":"direct-implant","display":"Direct implant"},{"code":"staged-implant","display":"Staged implant"},{"code":"autologous","display":"Autologous"},{"code":"both","display":"Both implant and autologous"}]}