{"resourceType":"ValueSet","id":"LateralityVS","text":{"status":"generated","div":"<div xmlns=\"http://www.w3.org/1999/xhtml\"><ul><li>Include these codes as defined in <a href=\"http://www.snomed.org/\"><code>http://snomed.info/sct</code></a><table class=\"none\"><tr><td style=\"white-space:nowrap\"><b>Code</b></td><td><b>Display</b></td></tr><tr><td><a href=\"http://snomed.info/id/80248007\">80248007</a></td><td>Left breast structure</td></tr><tr><td><a href=\"http://snomed.info/id/73056007\">73056007</a></td><td>Right breast structure</td></tr><tr><td><a href=\"http://snomed.info/id/63762007\">63762007</a></td><td>Both breasts</td></tr></table></li></ul></div>"},"extension":[{"url":"http://hl7.org/fhir/StructureDefinition/structuredefinition-fmm","valueInteger":2,"_valueInteger":{"extension":[{"url":"http://hl7.org/fhir/StructureDefinition/structuredefinition-conformance-derivedFrom","valueCanonical":"http://ig-ichombreastcancer.gabriellesantosleandro.com/ImplementationGuide/hl7.fhir.uv.ichom-breast-cancer"}]}},{"url":"http://hl7.org/fhir/StructureDefinition/structuredefinition-standards-status","valueCode":"trial-use","_valueCode":{"extension":[{"url":"http://hl7.org/fhir/StructureDefinition/structuredefinition-conformance-derivedFrom","valueCanonical":"http://ig-ichombreastcancer.gabriellesantosleandro.com/ImplementationGuide/hl7.fhir.uv.ichom-breast-cancer"}]}}],"url":"http://ig-ichombreastcancer.gabriellesantosleandro.com/ValueSet/LateralityVS","version":"1.0.0","name":"LateralityVS","title":"Laterality of breast cancer ValueSet","status":"active","experimental":false,"date":"2023-11-13T00:45:53-03:00","publisher":"HL7 International - Clinical Interoperability Council Group","contact":[{"name":"HL7 International - Clinical Interoperability Council Group","telecom":[{"system":"url","value":"http://www.hl7.org/Special/committees/cic"}]}],"description":"Valueset of the laterality of breast cancer","jurisdiction":[{"coding":[{"system":"http://unstats.un.org/unsd/methods/m49/m49.htm","code":"001","display":"World"}]}],"copyright":"This value set includes content from SNOMED CT, which is copyright © 2002+ International Health Terminology Standards Development Organisation (IHTSDO), and distributed by agreement between IHTSDO and HL7. Implementer use of SNOMED CT is not covered by this agreement","compose":{"include":[{"system":"http://snomed.info/sct","concept":[{"code":"80248007","display":"Left breast structure"},{"code":"73056007","display":"Right breast structure"},{"code":"63762007","display":"Both breasts"}]}]}}