{"resourceType":"ValueSet","id":"AgreementResponseVS","text":{"status":"generated","div":"<div xmlns=\"http://www.w3.org/1999/xhtml\"><ul><li>Include these codes as defined in <a href=\"CodeSystem-AgreementResponseCodeSystem.html\"><code>http://hl7.org/fhir/uv/ichom-breast-cancer/CodeSystem/AgreementResponseCodeSystem</code></a><table class=\"none\"><tr><td style=\"white-space:nowrap\"><b>Code</b></td><td><b>Display</b></td></tr><tr><td><a href=\"CodeSystem-AgreementResponseCodeSystem.html#AgreementResponseCodeSystem-no\">no</a></td><td>Not at all</td></tr><tr><td><a href=\"CodeSystem-AgreementResponseCodeSystem.html#AgreementResponseCodeSystem-little\">little</a></td><td>A little</td></tr><tr><td><a href=\"CodeSystem-AgreementResponseCodeSystem.html#AgreementResponseCodeSystem-quite\">quite</a></td><td>Quite a bit</td></tr><tr><td><a href=\"CodeSystem-AgreementResponseCodeSystem.html#AgreementResponseCodeSystem-very\">very</a></td><td>Very much</td></tr></table></li></ul></div>"},"extension":[{"url":"http://hl7.org/fhir/StructureDefinition/structuredefinition-fmm","valueInteger":2,"_valueInteger":{"extension":[{"url":"http://hl7.org/fhir/StructureDefinition/structuredefinition-conformance-derivedFrom","valueCanonical":"http://hl7.org/fhir/uv/ichom-breast-cancer/ImplementationGuide/hl7.fhir.uv.ichom-breast-cancer"}]}},{"url":"http://hl7.org/fhir/StructureDefinition/structuredefinition-standards-status","valueCode":"trial-use","_valueCode":{"extension":[{"url":"http://hl7.org/fhir/StructureDefinition/structuredefinition-conformance-derivedFrom","valueCanonical":"http://hl7.org/fhir/uv/ichom-breast-cancer/ImplementationGuide/hl7.fhir.uv.ichom-breast-cancer"}]}}],"url":"http://hl7.org/fhir/uv/ichom-breast-cancer/ValueSet/AgreementResponseVS","version":"1.0.0","name":"AgreementResponseVS","title":"Agreement response ValueSet","status":"active","experimental":false,"date":"2023-10-15T00:28:22+00:00","publisher":"HL7 International - Clinical Interoperability Council Group","contact":[{"name":"HL7 International - Clinical Interoperability Council Group","telecom":[{"system":"url","value":"http://www.hl7.org/Special/committees/cic"}]}],"description":"Valueset used in a Patient Reported Outcomes Instrument to express the degree of agreement","jurisdiction":[{"coding":[{"system":"http://unstats.un.org/unsd/methods/m49/m49.htm","code":"001","display":"World"}]}],"compose":{"include":[{"system":"http://hl7.org/fhir/uv/ichom-breast-cancer/CodeSystem/AgreementResponseCodeSystem","concept":[{"code":"no","display":"Not at all"},{"code":"little","display":"A little"},{"code":"quite","display":"Quite a bit"},{"code":"very","display":"Very much"}]}]}}