{"resourceType":"ValueSet","id":"TreatmentPlanNotFollowedVS","text":{"status":"extensions","div":"<div xmlns=\"http://www.w3.org/1999/xhtml\"><p>This value set includes codes based on the following rules:</p><ul><li>Include these codes as defined in <a href=\"CodeSystem-TreatmentPlanNotFollowedCodeSystem.html\"><code>http://ig-ichombreastcancer.gabriellesantosleandro.com/CodeSystem/TreatmentPlanNotFollowedCodeSystem</code></a><table class=\"none\"><tr><td style=\"white-space:nowrap\"><b>Code</b></td><td><b>Display</b></td></tr><tr><td><a href=\"CodeSystem-TreatmentPlanNotFollowedCodeSystem.html#TreatmentPlanNotFollowedCodeSystem-patient-preference\">patient-preference</a></td><td>Patient preference</td></tr><tr><td><a href=\"CodeSystem-TreatmentPlanNotFollowedCodeSystem.html#TreatmentPlanNotFollowedCodeSystem-clinical-reasons\">clinical-reasons</a></td><td>Clinical reasons</td></tr></table></li><li>Include these codes as defined in <a href=\"http://terminology.hl7.org/5.0.0/CodeSystem-v3-NullFlavor.html\"><code>http://terminology.hl7.org/CodeSystem/v3-NullFlavor</code></a><table class=\"none\"><tr><td style=\"white-space:nowrap\"><b>Code</b></td><td><b>Display</b></td><td><b>Definition</b></td></tr><tr><td><a href=\"http://terminology.hl7.org/5.0.0/CodeSystem-v3-NullFlavor.html#v3-NullFlavor-UNK\">UNK</a></td><td>unknown</td><td>**Description:**A proper value is applicable, but not known.<br/><br/>**Usage Notes**: This means the actual value is not known. If the only thing that is unknown is how to properly express the value in the necessary constraints (value set, datatype, etc.), then the OTH or UNC flavor should be used. No properties should be included for a datatype with this property unless:<br/><br/>1.  Those properties themselves directly translate to a semantic of &quot;unknown&quot;. (E.g. a local code sent as a translation that conveys 'unknown')<br/>2.  Those properties further qualify the nature of what is unknown. (E.g. specifying a use code of &quot;H&quot; and a URL prefix of &quot;tel:&quot; to convey that it is the home phone number that is unknown.)</td></tr></table></li></ul></div>"},"extension":[{"url":"http://hl7.org/fhir/StructureDefinition/structuredefinition-fmm","valueInteger":2,"_valueInteger":{"extension":[{"url":"http://hl7.org/fhir/StructureDefinition/structuredefinition-conformance-derivedFrom","valueCanonical":"http://ig-ichombreastcancer.gabriellesantosleandro.com/ImplementationGuide/hl7.fhir.uv.ichom-breast-cancer"}]}},{"url":"http://hl7.org/fhir/StructureDefinition/structuredefinition-standards-status","valueCode":"trial-use","_valueCode":{"extension":[{"url":"http://hl7.org/fhir/StructureDefinition/structuredefinition-conformance-derivedFrom","valueCanonical":"http://ig-ichombreastcancer.gabriellesantosleandro.com/ImplementationGuide/hl7.fhir.uv.ichom-breast-cancer"}]}}],"url":"http://ig-ichombreastcancer.gabriellesantosleandro.com/ValueSet/TreatmentPlanNotFollowedVS","version":"1.0.0","name":"TreatmentPlanNotFollowedVS","title":"Treatment Plan Not Followed ValueSet","status":"active","experimental":false,"date":"2023-11-12T21:01:00+00:00","publisher":"HL7 International - Clinical Interoperability Council Group","contact":[{"name":"HL7 International - Clinical Interoperability Council Group","telecom":[{"system":"url","value":"http://www.hl7.org/Special/committees/cic"}]}],"description":"Valueset of reason for the treatment plan not being followed","jurisdiction":[{"coding":[{"system":"http://unstats.un.org/unsd/methods/m49/m49.htm","code":"001","display":"World"}]}],"compose":{"include":[{"system":"http://ig-ichombreastcancer.gabriellesantosleandro.com/CodeSystem/TreatmentPlanNotFollowedCodeSystem","concept":[{"code":"patient-preference","display":"Patient preference"},{"code":"clinical-reasons","display":"Clinical reasons"}]},{"system":"http://terminology.hl7.org/CodeSystem/v3-NullFlavor","concept":[{"code":"UNK","display":"unknown"}]}]}}