{"resourceType":"ValueSet","id":"SatisfactionResponseVS","text":{"status":"generated","div":"<div xmlns=\"http://www.w3.org/1999/xhtml\"><ul><li>Include these codes as defined in <a href=\"CodeSystem-SatisfactionResponseCodeSystem.html\"><code>http://ig-ichombreastcancer.gabriellesantosleandro.com/CodeSystem/SatisfactionResponseCodeSystem</code></a><table class=\"none\"><tr><td style=\"white-space:nowrap\"><b>Code</b></td><td><b>Display</b></td></tr><tr><td><a href=\"CodeSystem-SatisfactionResponseCodeSystem.html#SatisfactionResponseCodeSystem-very-dissatisfied\">very-dissatisfied</a></td><td>Very dissatisfied</td></tr><tr><td><a href=\"CodeSystem-SatisfactionResponseCodeSystem.html#SatisfactionResponseCodeSystem-somewhat-dissatisfied\">somewhat-dissatisfied</a></td><td>Somewhat dissatisfied</td></tr><tr><td><a href=\"CodeSystem-SatisfactionResponseCodeSystem.html#SatisfactionResponseCodeSystem-somewhat-satisfied\">somewhat-satisfied</a></td><td>Somewhat satisfied</td></tr><tr><td><a href=\"CodeSystem-SatisfactionResponseCodeSystem.html#SatisfactionResponseCodeSystem-very-satisfied\">very-satisfied</a></td><td>Very satisfied</td></tr></table></li></ul></div>"},"extension":[{"url":"http://hl7.org/fhir/StructureDefinition/structuredefinition-fmm","valueInteger":2,"_valueInteger":{"extension":[{"url":"http://hl7.org/fhir/StructureDefinition/structuredefinition-conformance-derivedFrom","valueCanonical":"http://ig-ichombreastcancer.gabriellesantosleandro.com/ImplementationGuide/hl7.fhir.uv.ichom-breast-cancer"}]}},{"url":"http://hl7.org/fhir/StructureDefinition/structuredefinition-standards-status","valueCode":"trial-use","_valueCode":{"extension":[{"url":"http://hl7.org/fhir/StructureDefinition/structuredefinition-conformance-derivedFrom","valueCanonical":"http://ig-ichombreastcancer.gabriellesantosleandro.com/ImplementationGuide/hl7.fhir.uv.ichom-breast-cancer"}]}}],"url":"http://ig-ichombreastcancer.gabriellesantosleandro.com/ValueSet/SatisfactionResponseVS","version":"1.0.0","name":"SatisfactionResponseVS","title":"Satisfaction response ValueSet","status":"active","experimental":false,"date":"2023-11-13T00:45:53-03:00","publisher":"HL7 International - Clinical Interoperability Council Group","contact":[{"name":"HL7 International - Clinical Interoperability Council Group","telecom":[{"system":"url","value":"http://www.hl7.org/Special/committees/cic"}]}],"description":"Valueset used in a Patient Reported Outcomes Instrument to express the statisfation response","jurisdiction":[{"coding":[{"system":"http://unstats.un.org/unsd/methods/m49/m49.htm","code":"001","display":"World"}]}],"compose":{"include":[{"system":"http://ig-ichombreastcancer.gabriellesantosleandro.com/CodeSystem/SatisfactionResponseCodeSystem","concept":[{"code":"very-dissatisfied","display":"Very dissatisfied"},{"code":"somewhat-dissatisfied","display":"Somewhat dissatisfied"},{"code":"somewhat-satisfied","display":"Somewhat satisfied"},{"code":"very-satisfied","display":"Very satisfied"}]}]}}