{"resourceType":"ValueSet","id":"ReoperationTypeVS","text":{"status":"extensions","div":"<div xmlns=\"http://www.w3.org/1999/xhtml\"><p>This value set includes codes based on the following rules:</p><ul><li>Include these codes as defined in <a href=\"http://www.snomed.org/\"><code>http://snomed.info/sct</code></a><table class=\"none\"><tr><td style=\"white-space:nowrap\"><b>Code</b></td><td><b>Display</b></td></tr><tr><td><a href=\"http://snomed.info/id/33496007\">33496007</a></td><td>Reconstruction of breast</td></tr><tr><td><a href=\"http://snomed.info/id/69031006\">69031006</a></td><td>Excision of breast tissue</td></tr><tr><td><a href=\"http://snomed.info/id/234254000\">234254000</a></td><td>Excision of axillary lymph nodes group</td></tr></table></li><li>Include these codes as defined in <a href=\"CodeSystem-BreastSurgeryTypesCodeSystem.html\"><code>http://ig-ichombreastcancer.gabriellesantosleandro.com/CodeSystem/BreastSurgeryTypesCodeSystem</code></a><table class=\"none\"><tr><td style=\"white-space:nowrap\"><b>Code</b></td><td><b>Display</b></td></tr><tr><td><a href=\"CodeSystem-BreastSurgeryTypesCodeSystem.html#BreastSurgeryTypesCodeSystem-bcs\">bcs</a></td><td>Breast conserving surgery (BCS)</td></tr><tr><td><a href=\"CodeSystem-BreastSurgeryTypesCodeSystem.html#BreastSurgeryTypesCodeSystem-bcs-with-mammoplasty\">bcs-with-mammoplasty</a></td><td>Breast conserving surgery with mammoplasty</td></tr><tr><td><a href=\"CodeSystem-BreastSurgeryTypesCodeSystem.html#BreastSurgeryTypesCodeSystem-mastectomy-without-immediate-reconstruction\">mastectomy-without-immediate-reconstruction</a></td><td>Mastectomy without immediate reconstruction</td></tr><tr><td><a href=\"CodeSystem-BreastSurgeryTypesCodeSystem.html#BreastSurgeryTypesCodeSystem-mastectomy-with-immediate-reconstruction\">mastectomy-with-immediate-reconstruction</a></td><td>Mastectomy with immediate reconstruction</td></tr></table></li><li>Include these codes as defined in <a href=\"http://terminology.hl7.org/5.0.0/CodeSystem-v3-NullFlavor.html\"><code>http://terminology.hl7.org/CodeSystem/v3-NullFlavor</code></a><table class=\"none\"><tr><td style=\"white-space:nowrap\"><b>Code</b></td><td><b>Display</b></td><td><b>Definition</b></td></tr><tr><td><a href=\"http://terminology.hl7.org/5.0.0/CodeSystem-v3-NullFlavor.html#v3-NullFlavor-UNK\">UNK</a></td><td>unknown</td><td>**Description:**A proper value is applicable, but not known.<br/><br/>**Usage Notes**: This means the actual value is not known. If the only thing that is unknown is how to properly express the value in the necessary constraints (value set, datatype, etc.), then the OTH or UNC flavor should be used. No properties should be included for a datatype with this property unless:<br/><br/>1.  Those properties themselves directly translate to a semantic of &quot;unknown&quot;. (E.g. a local code sent as a translation that conveys 'unknown')<br/>2.  Those properties further qualify the nature of what is unknown. (E.g. specifying a use code of &quot;H&quot; and a URL prefix of &quot;tel:&quot; to convey that it is the home phone number that is unknown.)</td></tr></table></li></ul></div>"},"extension":[{"url":"http://hl7.org/fhir/StructureDefinition/structuredefinition-fmm","valueInteger":2,"_valueInteger":{"extension":[{"url":"http://hl7.org/fhir/StructureDefinition/structuredefinition-conformance-derivedFrom","valueCanonical":"http://ig-ichombreastcancer.gabriellesantosleandro.com/ImplementationGuide/hl7.fhir.uv.ichom-breast-cancer"}]}},{"url":"http://hl7.org/fhir/StructureDefinition/structuredefinition-standards-status","valueCode":"trial-use","_valueCode":{"extension":[{"url":"http://hl7.org/fhir/StructureDefinition/structuredefinition-conformance-derivedFrom","valueCanonical":"http://ig-ichombreastcancer.gabriellesantosleandro.com/ImplementationGuide/hl7.fhir.uv.ichom-breast-cancer"}]}}],"url":"http://ig-ichombreastcancer.gabriellesantosleandro.com/ValueSet/ReoperationTypeVS","version":"1.0.0","name":"ReoperationTypeVS","title":"Type of re-operation","status":"active","experimental":false,"date":"2023-11-13T00:07:26-03:00","publisher":"HL7 International - Clinical Interoperability Council Group","contact":[{"name":"HL7 International - Clinical Interoperability Council Group","telecom":[{"system":"url","value":"http://www.hl7.org/Special/committees/cic"}]}],"description":"Valueset of the types of re-operation","jurisdiction":[{"coding":[{"system":"http://unstats.un.org/unsd/methods/m49/m49.htm","code":"001","display":"World"}]}],"copyright":"This value set includes content from SNOMED CT, which is copyright © 2002+ International Health Terminology Standards Development Organisation (IHTSDO), and distributed by agreement between IHTSDO and HL7. Implementer use of SNOMED CT is not covered by this agreement","compose":{"include":[{"system":"http://snomed.info/sct","concept":[{"code":"33496007","display":"Reconstruction of breast"},{"code":"69031006","display":"Excision of breast tissue"},{"code":"234254000","display":"Excision of axillary lymph nodes group"}]},{"system":"http://ig-ichombreastcancer.gabriellesantosleandro.com/CodeSystem/BreastSurgeryTypesCodeSystem","concept":[{"code":"bcs","display":"Breast conserving surgery (BCS)"},{"code":"bcs-with-mammoplasty","display":"Breast conserving surgery with mammoplasty"},{"code":"mastectomy-without-immediate-reconstruction","display":"Mastectomy without immediate reconstruction"},{"code":"mastectomy-with-immediate-reconstruction","display":"Mastectomy with immediate reconstruction"}]},{"system":"http://terminology.hl7.org/CodeSystem/v3-NullFlavor","concept":[{"code":"UNK","display":"unknown"}]}]}}