{"resourceType":"ValueSet","id":"HER2ReceptorStatusVS","text":{"status":"generated","div":"<div xmlns=\"http://www.w3.org/1999/xhtml\"><ul><li>Include these codes as defined in <a href=\"http://www.snomed.org/\"><code>http://snomed.info/sct</code></a><table class=\"none\"><tr><td style=\"white-space:nowrap\"><b>Code</b></td><td><b>Display</b></td></tr><tr><td><a href=\"http://snomed.info/id/431396003\">431396003</a></td><td>Human epidermal growth factor 2 negative carcinoma of breast</td></tr><tr><td><a href=\"http://snomed.info/id/427685000\">427685000</a></td><td>Human epidermal growth factor 2 positive carcinoma of breast</td></tr><tr><td><a href=\"http://snomed.info/id/280414007\">280414007</a></td><td>Equivocal result</td></tr><tr><td><a href=\"http://snomed.info/id/416237000\">416237000</a></td><td>Procedure not done</td></tr></table></li></ul></div>"},"extension":[{"url":"http://hl7.org/fhir/StructureDefinition/structuredefinition-fmm","valueInteger":2,"_valueInteger":{"extension":[{"url":"http://hl7.org/fhir/StructureDefinition/structuredefinition-conformance-derivedFrom","valueCanonical":"http://ig-ichombreastcancer.gabriellesantosleandro.com/ImplementationGuide/hl7.fhir.uv.ichom-breast-cancer"}]}},{"url":"http://hl7.org/fhir/StructureDefinition/structuredefinition-standards-status","valueCode":"trial-use","_valueCode":{"extension":[{"url":"http://hl7.org/fhir/StructureDefinition/structuredefinition-conformance-derivedFrom","valueCanonical":"http://ig-ichombreastcancer.gabriellesantosleandro.com/ImplementationGuide/hl7.fhir.uv.ichom-breast-cancer"}]}}],"url":"http://ig-ichombreastcancer.gabriellesantosleandro.com/ValueSet/HER2ReceptorStatusVS","version":"1.0.0","name":"HER2ReceptorStatusVS","title":"HER2 receptor status ValueSet","status":"active","experimental":false,"date":"2023-11-13T01:02:30-03:00","publisher":"HL7 International - Clinical Interoperability Council Group","contact":[{"name":"HL7 International - Clinical Interoperability Council Group","telecom":[{"system":"url","value":"http://www.hl7.org/Special/committees/cic"}]}],"description":"Valueset of the HER2 receptor status","jurisdiction":[{"coding":[{"system":"http://unstats.un.org/unsd/methods/m49/m49.htm","code":"001","display":"World"}]}],"copyright":"This value set includes content from SNOMED CT, which is copyright © 2002+ International Health Terminology Standards Development Organisation (IHTSDO), and distributed by agreement between IHTSDO and HL7. Implementer use of SNOMED CT is not covered by this agreement","compose":{"include":[{"system":"http://snomed.info/sct","concept":[{"code":"431396003","display":"Human epidermal growth factor 2 negative carcinoma of breast"},{"code":"427685000","display":"Human epidermal growth factor 2 positive carcinoma of breast"},{"code":"280414007","display":"Equivocal result"},{"code":"416237000","display":"Procedure not done"}]}]}}