{"resourceType":"ValueSet","id":"ImplantLocationVS","text":{"status":"generated","div":"<div xmlns=\"http://www.w3.org/1999/xhtml\"><ul><li>Include these codes as defined in <a href=\"CodeSystem-ImplantLocationCodeSystem.html\"><code>http://ig-ichombreastcancer.gabriellesantosleandro.com/CodeSystem/ImplantLocationCodeSystem</code></a><table class=\"none\"><tr><td style=\"white-space:nowrap\"><b>Code</b></td><td><b>Display</b></td></tr><tr><td><a href=\"CodeSystem-ImplantLocationCodeSystem.html#ImplantLocationCodeSystem-pre-pectoral\">pre-pectoral</a></td><td>Pre-pectoral</td></tr><tr><td><a href=\"CodeSystem-ImplantLocationCodeSystem.html#ImplantLocationCodeSystem-sub-pectoral\">sub-pectoral</a></td><td>Sub-pectoral</td></tr></table></li></ul></div>"},"extension":[{"url":"http://hl7.org/fhir/StructureDefinition/structuredefinition-fmm","valueInteger":2,"_valueInteger":{"extension":[{"url":"http://hl7.org/fhir/StructureDefinition/structuredefinition-conformance-derivedFrom","valueCanonical":"http://ig-ichombreastcancer.gabriellesantosleandro.com/ImplementationGuide/hl7.fhir.uv.ichom-breast-cancer"}]}},{"url":"http://hl7.org/fhir/StructureDefinition/structuredefinition-standards-status","valueCode":"trial-use","_valueCode":{"extension":[{"url":"http://hl7.org/fhir/StructureDefinition/structuredefinition-conformance-derivedFrom","valueCanonical":"http://ig-ichombreastcancer.gabriellesantosleandro.com/ImplementationGuide/hl7.fhir.uv.ichom-breast-cancer"}]}}],"url":"http://ig-ichombreastcancer.gabriellesantosleandro.com/ValueSet/ImplantLocationVS","version":"1.0.0","name":"ImplantLocationVS","title":"Location of the implant ValueSet","status":"active","experimental":false,"date":"2023-11-13T00:45:53-03:00","publisher":"HL7 International - Clinical Interoperability Council Group","contact":[{"name":"HL7 International - Clinical Interoperability Council Group","telecom":[{"system":"url","value":"http://www.hl7.org/Special/committees/cic"}]}],"description":"Valueset of the location of the implant during reconstruction surgery","jurisdiction":[{"coding":[{"system":"http://unstats.un.org/unsd/methods/m49/m49.htm","code":"001","display":"World"}]}],"compose":{"include":[{"system":"http://ig-ichombreastcancer.gabriellesantosleandro.com/CodeSystem/ImplantLocationCodeSystem","concept":[{"code":"pre-pectoral","display":"Pre-pectoral"},{"code":"sub-pectoral","display":"Sub-pectoral"}]}]}}