{
  "resourceType" : "CodeSystem",
  "id" : "BreastSurgeryTypesCodeSystem",
  "text" : {
    "status" : "generated",
    "div" : "<div xmlns=\"http://www.w3.org/1999/xhtml\"><p>This case-sensitive code system <code>http://hl7.org/fhir/uv/ichom-breast-cancer/CodeSystem/BreastSurgeryTypesCodeSystem</code> defines the following codes:</p><table class=\"codes\"><tr><td style=\"white-space:nowrap\"><b>Code</b></td><td><b>Display</b></td></tr><tr><td style=\"white-space:nowrap\">bcs<a name=\"BreastSurgeryTypesCodeSystem-bcs\"> </a></td><td>Breast conserving surgery (BCS)</td></tr><tr><td style=\"white-space:nowrap\">bcs-with-mammoplasty<a name=\"BreastSurgeryTypesCodeSystem-bcs-with-mammoplasty\"> </a></td><td>BCS with mammoplasty</td></tr><tr><td style=\"white-space:nowrap\">mastectomy-without-immediate-reconstruction<a name=\"BreastSurgeryTypesCodeSystem-mastectomy-without-immediate-reconstruction\"> </a></td><td>Mastectomy without immediate reconstruction</td></tr><tr><td style=\"white-space:nowrap\">mastectomy-with-immediate-reconstruction<a name=\"BreastSurgeryTypesCodeSystem-mastectomy-with-immediate-reconstruction\"> </a></td><td>Mastectomy with immediate reconstruction</td></tr></table></div>"
  },
  "extension" : [{
    "url" : "http://hl7.org/fhir/StructureDefinition/structuredefinition-fmm",
    "valueInteger" : 2,
    "_valueInteger" : {
      "extension" : [{
        "url" : "http://hl7.org/fhir/StructureDefinition/structuredefinition-conformance-derivedFrom",
        "valueCanonical" : "http://hl7.org/fhir/uv/ichom-breast-cancer/ImplementationGuide/hl7.fhir.uv.ichom-breast-cancer"
      }]
    }
  },
  {
    "url" : "http://hl7.org/fhir/StructureDefinition/structuredefinition-standards-status",
    "valueCode" : "trial-use",
    "_valueCode" : {
      "extension" : [{
        "url" : "http://hl7.org/fhir/StructureDefinition/structuredefinition-conformance-derivedFrom",
        "valueCanonical" : "http://hl7.org/fhir/uv/ichom-breast-cancer/ImplementationGuide/hl7.fhir.uv.ichom-breast-cancer"
      }]
    }
  }],
  "url" : "http://hl7.org/fhir/uv/ichom-breast-cancer/CodeSystem/BreastSurgeryTypesCodeSystem",
  "version" : "1.0.0",
  "name" : "BreastSurgeryTypesCodeSystem",
  "title" : "Breast surgery types CodeSystem",
  "status" : "active",
  "experimental" : false,
  "date" : "2023-10-15T00:28:22+00:00",
  "publisher" : "HL7 International - Clinical Interoperability Council Group",
  "contact" : [{
    "name" : "HL7 International - Clinical Interoperability Council Group",
    "telecom" : [{
      "system" : "url",
      "value" : "http://www.hl7.org/Special/committees/cic"
    }]
  }],
  "description" : "Codes indicating the types of breast surgery a patient underwent",
  "jurisdiction" : [{
    "coding" : [{
      "system" : "http://unstats.un.org/unsd/methods/m49/m49.htm",
      "code" : "001",
      "display" : "World"
    }]
  }],
  "caseSensitive" : true,
  "content" : "complete",
  "count" : 4,
  "concept" : [{
    "code" : "bcs",
    "display" : "Breast conserving surgery (BCS)"
  },
  {
    "code" : "bcs-with-mammoplasty",
    "display" : "BCS with mammoplasty"
  },
  {
    "code" : "mastectomy-without-immediate-reconstruction",
    "display" : "Mastectomy without immediate reconstruction"
  },
  {
    "code" : "mastectomy-with-immediate-reconstruction",
    "display" : "Mastectomy with immediate reconstruction"
  }]
}