{
  "resourceType" : "Observation",
  "id" : "TreatmentPlanFollowedPatient147",
  "meta" : {
    "profile" : ["http://ig-ichombreastcancer.gabriellesantosleandro.com/StructureDefinition/treatment-plan-followed"]
  },
  "text" : {
    "status" : "generated",
    "div" : "<div xmlns=\"http://www.w3.org/1999/xhtml\"><p><b>Generated Narrative: Observation</b><a name=\"TreatmentPlanFollowedPatient147\"> </a></p><div style=\"display: inline-block; background-color: #d9e0e7; padding: 6px; margin: 4px; border: 1px solid #8da1b4; border-radius: 5px; line-height: 60%\"><p style=\"margin-bottom: 0px\">Resource Observation &quot;TreatmentPlanFollowedPatient147&quot; </p><p style=\"margin-bottom: 0px\">Profile: <a href=\"StructureDefinition-treatment-plan-followed.html\">Real Treatment Plan Followed</a></p></div><p><b>basedOn</b>: <a href=\"CarePlan-TreatmentPlanPatient147.html\">CarePlan/TreatmentPlanPatient147</a></p><p><b>status</b>: final</p><p><b>code</b>: Compliance care assessment <span style=\"background: LightGoldenRodYellow; margin: 4px; border: 1px solid khaki\"> (<a href=\"https://browser.ihtsdotools.org/\">SNOMED CT</a>#410110000)</span></p><p><b>subject</b>: <a href=\"Patient-BreastCancerPatient147.html\">Patient/BreastCancerPatient147</a> &quot; LETSCHE&quot;</p><p><b>value</b>: Yes, fully followed <span style=\"background: LightGoldenRodYellow; margin: 4px; border: 1px solid khaki\"> (<a href=\"CodeSystem-TreatmentPlanFollowedCodeSystem.html\">Real Treatment Plan Followed CodeSystem</a>#yes)</span></p></div>"
  },
  "basedOn" : [{
    "reference" : "CarePlan/TreatmentPlanPatient147"
  }],
  "status" : "final",
  "code" : {
    "coding" : [{
      "system" : "http://snomed.info/sct",
      "code" : "410110000",
      "display" : "Compliance care assessment"
    }]
  },
  "subject" : {
    "reference" : "Patient/BreastCancerPatient147"
  },
  "valueCodeableConcept" : {
    "coding" : [{
      "system" : "http://ig-ichombreastcancer.gabriellesantosleandro.com/CodeSystem/TreatmentPlanFollowedCodeSystem",
      "code" : "yes",
      "display" : "Yes, fully followed"
    }]
  }
}