{
  "resourceType" : "Observation",
  "id" : "PathologicalTNMStagePatient147",
  "meta" : {
    "profile" : ["http://ig-ichombreastcancer.gabriellesantosleandro.com/StructureDefinition/breast-cancer-stage-group"]
  },
  "text" : {
    "status" : "generated",
    "div" : "<div xmlns=\"http://www.w3.org/1999/xhtml\"><p><b>Generated Narrative: Observation</b><a name=\"PathologicalTNMStagePatient147\"> </a></p><div style=\"display: inline-block; background-color: #d9e0e7; padding: 6px; margin: 4px; border: 1px solid #8da1b4; border-radius: 5px; line-height: 60%\"><p style=\"margin-bottom: 0px\">Resource Observation &quot;PathologicalTNMStagePatient147&quot; </p><p style=\"margin-bottom: 0px\">Profile: <a href=\"StructureDefinition-breast-cancer-stage-group.html\">Cancer Stage Group</a></p></div><p><b>status</b>: final</p><p><b>code</b>: Stage group.pathology Cancer <span style=\"background: LightGoldenRodYellow; margin: 4px; border: 1px solid khaki\"> (<a href=\"https://loinc.org/\">LOINC</a>#21902-2)</span></p><p><b>subject</b>: <a href=\"Patient-BreastCancerPatient147.html\">Patient/BreastCancerPatient147</a> &quot; LETSCHE&quot;</p><p><b>hasMember</b>: </p><ul><li><a href=\"Observation-PathologicalTumorStagePatient147.html\">Observation/PathologicalTumorStagePatient147</a></li><li><a href=\"Observation-PathologicalNodalStagePatient147.html\">Observation/PathologicalNodalStagePatient147</a></li><li><a href=\"Observation-PathologicalMetastasesPatient147.html\">Observation/PathologicalMetastasesPatient147</a></li></ul></div>"
  },
  "status" : "final",
  "code" : {
    "coding" : [{
      "system" : "http://loinc.org",
      "code" : "21902-2",
      "display" : "Stage group.pathology Cancer"
    }]
  },
  "subject" : {
    "reference" : "Patient/BreastCancerPatient147"
  },
  "hasMember" : [{
    "reference" : "Observation/PathologicalTumorStagePatient147"
  },
  {
    "reference" : "Observation/PathologicalNodalStagePatient147"
  },
  {
    "reference" : "Observation/PathologicalMetastasesPatient147"
  }]
}