{
  "resourceType" : "ValueSet",
  "id" : "TNMPrimaryTumorVS",
  "text" : {
    "status" : "extensions",
    "div" : "<div xmlns=\"http://www.w3.org/1999/xhtml\"><p>This value set includes codes based on the following rules:</p><ul><li>Include these codes as defined in <a href=\"http://www.snomed.org/\"><code>http://snomed.info/sct</code></a><table class=\"none\"><tr><td style=\"white-space:nowrap\"><b>Code</b></td><td><b>Display</b></td></tr><tr><td><a href=\"http://snomed.info/id/1222604002\">1222604002</a></td><td>American Joint Committee on Cancer cTX (qualifier value)</td></tr><tr><td><a href=\"http://snomed.info/id/1228882005\">1228882005</a></td><td>American Joint Committee on Cancer cT0 (qualifier value)</td></tr><tr><td><a href=\"http://snomed.info/id/1228885007\">1228885007</a></td><td>American Joint Committee on Cancer cTis(DCIS) (qualifier value)</td></tr><tr><td><a href=\"http://snomed.info/id/1228888009\">1228888009</a></td><td>American Joint Committee on Cancer cTis(Paget) (qualifier value)</td></tr><tr><td><a href=\"http://snomed.info/id/1228889001\">1228889001</a></td><td>American Joint Committee on Cancer cT1 (qualifier value)</td></tr><tr><td><a href=\"http://snomed.info/id/1228929004\">1228929004</a></td><td>American Joint Committee on Cancer cT2 (qualifier value)</td></tr><tr><td><a href=\"http://snomed.info/id/1228938002\">1228938002</a></td><td>American Joint Committee on Cancer cT3 (qualifier value)</td></tr><tr><td><a href=\"http://snomed.info/id/1228944003\">1228944003</a></td><td>American Joint Committee on Cancer cT4 (qualifier value)</td></tr><tr><td><a href=\"http://snomed.info/id/1228950008\">1228950008</a></td><td>American Joint Committee on Cancer pTX (qualifier value)</td></tr><tr><td><a href=\"http://snomed.info/id/1228951007\">1228951007</a></td><td>American Joint Committee on Cancer pT0 (qualifier value)</td></tr><tr><td><a href=\"http://snomed.info/id/1228954004\">1228954004</a></td><td>American Joint Committee on Cancer pTis(DCIS) (qualifier value)</td></tr><tr><td><a href=\"http://snomed.info/id/1228956002\">1228956002</a></td><td>American Joint Committee on Cancer pTis(Paget) (qualifier value)</td></tr><tr><td><a href=\"http://snomed.info/id/1228957006\">1228957006</a></td><td>American Joint Committee on Cancer pT1 (qualifier value)</td></tr><tr><td><a href=\"http://snomed.info/id/1229852009\">1229852009</a></td><td>American Joint Committee on Cancer pT2 (qualifier value)</td></tr><tr><td><a href=\"http://snomed.info/id/1229859000\">1229859000</a></td><td>American Joint Committee on Cancer pT3 (qualifier value)</td></tr><tr><td><a href=\"http://snomed.info/id/1229864001\">1229864001</a></td><td>American Joint Committee on Cancer pT4 (qualifier value)</td></tr></table></li><li>Include these codes as defined in <a href=\"http://terminology.hl7.org/5.0.0/CodeSystem-v3-NullFlavor.html\"><code>http://terminology.hl7.org/CodeSystem/v3-NullFlavor</code></a><table class=\"none\"><tr><td style=\"white-space:nowrap\"><b>Code</b></td><td><b>Display</b></td><td><b>Definition</b></td></tr><tr><td><a href=\"http://terminology.hl7.org/5.0.0/CodeSystem-v3-NullFlavor.html#v3-NullFlavor-UNK\">UNK</a></td><td>unknown</td><td>**Description:**A proper value is applicable, but not known.<br/><br/>**Usage Notes**: This means the actual value is not known. If the only thing that is unknown is how to properly express the value in the necessary constraints (value set, datatype, etc.), then the OTH or UNC flavor should be used. No properties should be included for a datatype with this property unless:<br/><br/>1.  Those properties themselves directly translate to a semantic of &quot;unknown&quot;. (E.g. a local code sent as a translation that conveys 'unknown')<br/>2.  Those properties further qualify the nature of what is unknown. (E.g. specifying a use code of &quot;H&quot; and a URL prefix of &quot;tel:&quot; to convey that it is the home phone number that is unknown.)</td></tr></table></li></ul></div>"
  },
  "extension" : [{
    "url" : "http://hl7.org/fhir/StructureDefinition/structuredefinition-fmm",
    "valueInteger" : 2,
    "_valueInteger" : {
      "extension" : [{
        "url" : "http://hl7.org/fhir/StructureDefinition/structuredefinition-conformance-derivedFrom",
        "valueCanonical" : "http://ig-ichombreastcancer.gabriellesantosleandro.com/ImplementationGuide/hl7.fhir.uv.ichom-breast-cancer"
      }]
    }
  },
  {
    "url" : "http://hl7.org/fhir/StructureDefinition/structuredefinition-standards-status",
    "valueCode" : "trial-use",
    "_valueCode" : {
      "extension" : [{
        "url" : "http://hl7.org/fhir/StructureDefinition/structuredefinition-conformance-derivedFrom",
        "valueCanonical" : "http://ig-ichombreastcancer.gabriellesantosleandro.com/ImplementationGuide/hl7.fhir.uv.ichom-breast-cancer"
      }]
    }
  }],
  "url" : "http://ig-ichombreastcancer.gabriellesantosleandro.com/ValueSet/TNMPrimaryTumorVS",
  "version" : "1.0.0",
  "name" : "TNMPrimaryTumorVS",
  "title" : "TNM Primary Tumor ValueSet",
  "status" : "active",
  "experimental" : false,
  "date" : "2023-11-12T21:01:00+00:00",
  "publisher" : "HL7 International - Clinical Interoperability Council Group",
  "contact" : [{
    "name" : "HL7 International - Clinical Interoperability Council Group",
    "telecom" : [{
      "system" : "url",
      "value" : "http://www.hl7.org/Special/committees/cic"
    }]
  }],
  "description" : "Valueset of the TNM stage for the T category, according to TNM staging rules",
  "jurisdiction" : [{
    "coding" : [{
      "system" : "http://unstats.un.org/unsd/methods/m49/m49.htm",
      "code" : "001",
      "display" : "World"
    }]
  }],
  "copyright" : "This value set includes content from SNOMED CT, which is copyright © 2002+ International Health Terminology Standards Development Organisation (IHTSDO), and distributed by agreement between IHTSDO and HL7. Implementer use of SNOMED CT is not covered by this agreement",
  "compose" : {
    "include" : [{
      "system" : "http://snomed.info/sct",
      "concept" : [{
        "code" : "1222604002",
        "display" : "American Joint Committee on Cancer cTX (qualifier value)"
      },
      {
        "code" : "1228882005",
        "display" : "American Joint Committee on Cancer cT0 (qualifier value)"
      },
      {
        "code" : "1228885007",
        "display" : "American Joint Committee on Cancer cTis(DCIS) (qualifier value)"
      },
      {
        "code" : "1228888009",
        "display" : "American Joint Committee on Cancer cTis(Paget) (qualifier value)"
      },
      {
        "code" : "1228889001",
        "display" : "American Joint Committee on Cancer cT1 (qualifier value)"
      },
      {
        "code" : "1228929004",
        "display" : "American Joint Committee on Cancer cT2 (qualifier value)"
      },
      {
        "code" : "1228938002",
        "display" : "American Joint Committee on Cancer cT3 (qualifier value)"
      },
      {
        "code" : "1228944003",
        "display" : "American Joint Committee on Cancer cT4 (qualifier value)"
      },
      {
        "code" : "1228950008",
        "display" : "American Joint Committee on Cancer pTX (qualifier value)"
      },
      {
        "code" : "1228951007",
        "display" : "American Joint Committee on Cancer pT0 (qualifier value)"
      },
      {
        "code" : "1228954004",
        "display" : "American Joint Committee on Cancer pTis(DCIS) (qualifier value)"
      },
      {
        "code" : "1228956002",
        "display" : "American Joint Committee on Cancer pTis(Paget) (qualifier value)"
      },
      {
        "code" : "1228957006",
        "display" : "American Joint Committee on Cancer pT1 (qualifier value)"
      },
      {
        "code" : "1229852009",
        "display" : "American Joint Committee on Cancer pT2 (qualifier value)"
      },
      {
        "code" : "1229859000",
        "display" : "American Joint Committee on Cancer pT3 (qualifier value)"
      },
      {
        "code" : "1229864001",
        "display" : "American Joint Committee on Cancer pT4 (qualifier value)"
      }]
    },
    {
      "system" : "http://terminology.hl7.org/CodeSystem/v3-NullFlavor",
      "concept" : [{
        "code" : "UNK",
        "display" : "unknown"
      }]
    }]
  }
}