{
  "resourceType" : "ValueSet",
  "id" : "ReconstructionTypeVS",
  "text" : {
    "status" : "extensions",
    "div" : "<div xmlns=\"http://www.w3.org/1999/xhtml\"><p>This value set includes codes based on the following rules:</p><ul><li>Include these codes as defined in <a href=\"CodeSystem-ReconstructionTypeCodeSystem.html\"><code>http://ig-ichombreastcancer.gabriellesantosleandro.com/CodeSystem/ReconstructionTypeCodeSystem</code></a><table class=\"none\"><tr><td style=\"white-space:nowrap\"><b>Code</b></td><td><b>Display</b></td></tr><tr><td><a href=\"CodeSystem-ReconstructionTypeCodeSystem.html#ReconstructionTypeCodeSystem-direct-implant\">direct-implant</a></td><td>Direct implant</td></tr><tr><td><a href=\"CodeSystem-ReconstructionTypeCodeSystem.html#ReconstructionTypeCodeSystem-staged-implant\">staged-implant</a></td><td>Staged implant</td></tr><tr><td><a href=\"CodeSystem-ReconstructionTypeCodeSystem.html#ReconstructionTypeCodeSystem-autologous\">autologous</a></td><td>Autologous</td></tr><tr><td><a href=\"CodeSystem-ReconstructionTypeCodeSystem.html#ReconstructionTypeCodeSystem-both\">both</a></td><td>Both implant and autologous</td></tr></table></li><li>Include these codes as defined in <a href=\"http://terminology.hl7.org/5.0.0/CodeSystem-v3-NullFlavor.html\"><code>http://terminology.hl7.org/CodeSystem/v3-NullFlavor</code></a><table class=\"none\"><tr><td style=\"white-space:nowrap\"><b>Code</b></td><td><b>Display</b></td><td><b>Definition</b></td></tr><tr><td><a href=\"http://terminology.hl7.org/5.0.0/CodeSystem-v3-NullFlavor.html#v3-NullFlavor-UNK\">UNK</a></td><td>unknown</td><td>**Description:**A proper value is applicable, but not known.<br/><br/>**Usage Notes**: This means the actual value is not known. If the only thing that is unknown is how to properly express the value in the necessary constraints (value set, datatype, etc.), then the OTH or UNC flavor should be used. No properties should be included for a datatype with this property unless:<br/><br/>1.  Those properties themselves directly translate to a semantic of &quot;unknown&quot;. (E.g. a local code sent as a translation that conveys 'unknown')<br/>2.  Those properties further qualify the nature of what is unknown. (E.g. specifying a use code of &quot;H&quot; and a URL prefix of &quot;tel:&quot; to convey that it is the home phone number that is unknown.)</td></tr></table></li></ul></div>"
  },
  "extension" : [{
    "url" : "http://hl7.org/fhir/StructureDefinition/structuredefinition-fmm",
    "valueInteger" : 2,
    "_valueInteger" : {
      "extension" : [{
        "url" : "http://hl7.org/fhir/StructureDefinition/structuredefinition-conformance-derivedFrom",
        "valueCanonical" : "http://ig-ichombreastcancer.gabriellesantosleandro.com/ImplementationGuide/hl7.fhir.uv.ichom-breast-cancer"
      }]
    }
  },
  {
    "url" : "http://hl7.org/fhir/StructureDefinition/structuredefinition-standards-status",
    "valueCode" : "trial-use",
    "_valueCode" : {
      "extension" : [{
        "url" : "http://hl7.org/fhir/StructureDefinition/structuredefinition-conformance-derivedFrom",
        "valueCanonical" : "http://ig-ichombreastcancer.gabriellesantosleandro.com/ImplementationGuide/hl7.fhir.uv.ichom-breast-cancer"
      }]
    }
  }],
  "url" : "http://ig-ichombreastcancer.gabriellesantosleandro.com/ValueSet/ReconstructionTypeVS",
  "version" : "1.0.0",
  "name" : "ReconstructionTypeVS",
  "title" : "Type of reconstruction surgery ValueSet",
  "status" : "active",
  "experimental" : false,
  "date" : "2023-11-13T00:07:26-03:00",
  "publisher" : "HL7 International - Clinical Interoperability Council Group",
  "contact" : [{
    "name" : "HL7 International - Clinical Interoperability Council Group",
    "telecom" : [{
      "system" : "url",
      "value" : "http://www.hl7.org/Special/committees/cic"
    }]
  }],
  "description" : "Valueset of the type of reconstruction surgery that is performed",
  "jurisdiction" : [{
    "coding" : [{
      "system" : "http://unstats.un.org/unsd/methods/m49/m49.htm",
      "code" : "001",
      "display" : "World"
    }]
  }],
  "compose" : {
    "include" : [{
      "system" : "http://ig-ichombreastcancer.gabriellesantosleandro.com/CodeSystem/ReconstructionTypeCodeSystem",
      "concept" : [{
        "code" : "direct-implant",
        "display" : "Direct implant"
      },
      {
        "code" : "staged-implant",
        "display" : "Staged implant"
      },
      {
        "code" : "autologous",
        "display" : "Autologous"
      },
      {
        "code" : "both",
        "display" : "Both implant and autologous"
      }]
    },
    {
      "system" : "http://terminology.hl7.org/CodeSystem/v3-NullFlavor",
      "concept" : [{
        "code" : "UNK",
        "display" : "unknown"
      }]
    }]
  }
}