{
  "resourceType" : "ValueSet",
  "id" : "RecommendedTreatmentTypeVS",
  "text" : {
    "status" : "generated",
    "div" : "<div xmlns=\"http://www.w3.org/1999/xhtml\"><p>This value set includes codes based on the following rules:</p><ul><li>Include these codes as defined in <a href=\"http://www.snomed.org/\"><code>http://snomed.info/sct</code></a><table class=\"none\"><tr><td style=\"white-space:nowrap\"><b>Code</b></td><td><b>Display</b></td></tr><tr><td><a href=\"http://snomed.info/id/387713003\">387713003</a></td><td>Surgical procedure</td></tr><tr><td><a href=\"http://snomed.info/id/108290001\">108290001</a></td><td>Radiation oncology AND/OR radiotherapy</td></tr><tr><td><a href=\"http://snomed.info/id/169413002\">169413002</a></td><td>Hormone therapy</td></tr><tr><td><a href=\"http://snomed.info/id/76334006\">76334006</a></td><td>Immunotherapy</td></tr><tr><td><a href=\"http://snomed.info/id/243114000\">243114000</a></td><td>Support</td></tr></table></li><li>Include these codes as defined in <a href=\"CodeSystem-TreatmentTypesCodeSystem.html\"><code>http://ig-ichombreastcancer.gabriellesantosleandro.com/CodeSystem/TreatmentTypesCodeSystem</code></a><table class=\"none\"><tr><td style=\"white-space:nowrap\"><b>Code</b></td><td><b>Display</b></td></tr><tr><td><a href=\"CodeSystem-TreatmentTypesCodeSystem.html#TreatmentTypesCodeSystem-adjuvant-chemotherapy\">adjuvant-chemotherapy</a></td><td>Adjuvant chemotherapy</td></tr><tr><td><a href=\"CodeSystem-TreatmentTypesCodeSystem.html#TreatmentTypesCodeSystem-neoadjuvant-chemotherapy\">neoadjuvant-chemotherapy</a></td><td>Neoadjuvant chemotherapy</td></tr><tr><td><a href=\"CodeSystem-TreatmentTypesCodeSystem.html#TreatmentTypesCodeSystem-targeted-therapy\">targeted-therapy</a></td><td>Targeted therapy</td></tr></table></li></ul></div>"
  },
  "extension" : [{
    "url" : "http://hl7.org/fhir/StructureDefinition/structuredefinition-fmm",
    "valueInteger" : 2,
    "_valueInteger" : {
      "extension" : [{
        "url" : "http://hl7.org/fhir/StructureDefinition/structuredefinition-conformance-derivedFrom",
        "valueCanonical" : "http://ig-ichombreastcancer.gabriellesantosleandro.com/ImplementationGuide/hl7.fhir.uv.ichom-breast-cancer"
      }]
    }
  },
  {
    "url" : "http://hl7.org/fhir/StructureDefinition/structuredefinition-standards-status",
    "valueCode" : "trial-use",
    "_valueCode" : {
      "extension" : [{
        "url" : "http://hl7.org/fhir/StructureDefinition/structuredefinition-conformance-derivedFrom",
        "valueCanonical" : "http://ig-ichombreastcancer.gabriellesantosleandro.com/ImplementationGuide/hl7.fhir.uv.ichom-breast-cancer"
      }]
    }
  }],
  "url" : "http://ig-ichombreastcancer.gabriellesantosleandro.com/ValueSet/RecommendedTreatmentTypeVS",
  "version" : "1.0.0",
  "name" : "RecommendedTreatmentTypeVS",
  "title" : "Recommended treatment types ValueSet",
  "status" : "active",
  "experimental" : false,
  "date" : "2023-11-12T21:01:00+00:00",
  "publisher" : "HL7 International - Clinical Interoperability Council Group",
  "contact" : [{
    "name" : "HL7 International - Clinical Interoperability Council Group",
    "telecom" : [{
      "system" : "url",
      "value" : "http://www.hl7.org/Special/committees/cic"
    }]
  }],
  "description" : "Valueset of the kind of treatment that the multidisciplinary team recommended",
  "jurisdiction" : [{
    "coding" : [{
      "system" : "http://unstats.un.org/unsd/methods/m49/m49.htm",
      "code" : "001",
      "display" : "World"
    }]
  }],
  "copyright" : "This value set includes content from SNOMED CT, which is copyright © 2002+ International Health Terminology Standards Development Organisation (IHTSDO), and distributed by agreement between IHTSDO and HL7. Implementer use of SNOMED CT is not covered by this agreement",
  "compose" : {
    "include" : [{
      "system" : "http://snomed.info/sct",
      "concept" : [{
        "code" : "387713003",
        "display" : "Surgical procedure"
      },
      {
        "code" : "108290001",
        "display" : "Radiation oncology AND/OR radiotherapy"
      },
      {
        "code" : "169413002",
        "display" : "Hormone therapy"
      },
      {
        "code" : "76334006",
        "display" : "Immunotherapy"
      },
      {
        "code" : "243114000",
        "display" : "Support"
      }]
    },
    {
      "system" : "http://ig-ichombreastcancer.gabriellesantosleandro.com/CodeSystem/TreatmentTypesCodeSystem",
      "concept" : [{
        "code" : "adjuvant-chemotherapy",
        "display" : "Adjuvant chemotherapy"
      },
      {
        "code" : "neoadjuvant-chemotherapy",
        "display" : "Neoadjuvant chemotherapy"
      },
      {
        "code" : "targeted-therapy",
        "display" : "Targeted therapy"
      }]
    }]
  }
}