{
  "resourceType" : "ValueSet",
  "id" : "ComplicationImpactVS",
  "text" : {
    "status" : "extensions",
    "div" : "<div xmlns=\"http://www.w3.org/1999/xhtml\"><p>This value set includes codes based on the following rules:</p><ul><li>Include these codes as defined in <a href=\"CodeSystem-ComplicationImpactCodeSystem.html\"><code>http://ig-ichombreastcancer.gabriellesantosleandro.com/CodeSystem/ComplicationImpactCodeSystem</code></a><table class=\"none\"><tr><td style=\"white-space:nowrap\"><b>Code</b></td><td><b>Display</b></td></tr><tr><td><a href=\"CodeSystem-ComplicationImpactCodeSystem.html#ComplicationImpactCodeSystem-no-complication\">no-complication</a></td><td>No complication</td></tr><tr><td><a href=\"CodeSystem-ComplicationImpactCodeSystem.html#ComplicationImpactCodeSystem-prolonged-hospitalization\">prolonged-hospitalization</a></td><td>Complication leading to prolonged hospitalization (&gt;14days)</td></tr><tr><td><a href=\"CodeSystem-ComplicationImpactCodeSystem.html#ComplicationImpactCodeSystem-treatment-discontinuation\">treatment-discontinuation</a></td><td>Complication leading to discontinuing of treatment</td></tr><tr><td><a href=\"CodeSystem-ComplicationImpactCodeSystem.html#ComplicationImpactCodeSystem-no-changes\">no-changes</a></td><td>Complication, but did not result in any of the abovementioned</td></tr></table></li><li>Include these codes as defined in <a href=\"http://www.snomed.org/\"><code>http://snomed.info/sct</code></a><table class=\"none\"><tr><td style=\"white-space:nowrap\"><b>Code</b></td><td><b>Display</b></td></tr><tr><td><a href=\"http://snomed.info/id/240917005\">240917005</a></td><td>Interventional radiology</td></tr><tr><td><a href=\"http://snomed.info/id/303577009\">303577009</a></td><td>Interventional debulking surgery</td></tr><tr><td><a href=\"http://snomed.info/id/417005\">417005</a></td><td>Hospital re-admission</td></tr><tr><td><a href=\"http://snomed.info/id/397945004\">397945004</a></td><td>Unexpected admission to intensive care unit</td></tr><tr><td><a href=\"http://snomed.info/id/182879007\">182879007</a></td><td>Medication decreased</td></tr><tr><td><a href=\"http://snomed.info/id/419620001\">419620001</a></td><td>Death</td></tr></table></li><li>Include these codes as defined in <a href=\"http://terminology.hl7.org/5.0.0/CodeSystem-v3-NullFlavor.html\"><code>http://terminology.hl7.org/CodeSystem/v3-NullFlavor</code></a><table class=\"none\"><tr><td style=\"white-space:nowrap\"><b>Code</b></td><td><b>Display</b></td><td><b>Definition</b></td></tr><tr><td><a href=\"http://terminology.hl7.org/5.0.0/CodeSystem-v3-NullFlavor.html#v3-NullFlavor-UNK\">UNK</a></td><td>unknown</td><td>**Description:**A proper value is applicable, but not known.<br/><br/>**Usage Notes**: This means the actual value is not known. If the only thing that is unknown is how to properly express the value in the necessary constraints (value set, datatype, etc.), then the OTH or UNC flavor should be used. No properties should be included for a datatype with this property unless:<br/><br/>1.  Those properties themselves directly translate to a semantic of &quot;unknown&quot;. (E.g. a local code sent as a translation that conveys 'unknown')<br/>2.  Those properties further qualify the nature of what is unknown. (E.g. specifying a use code of &quot;H&quot; and a URL prefix of &quot;tel:&quot; to convey that it is the home phone number that is unknown.)</td></tr></table></li></ul></div>"
  },
  "extension" : [{
    "url" : "http://hl7.org/fhir/StructureDefinition/structuredefinition-fmm",
    "valueInteger" : 2,
    "_valueInteger" : {
      "extension" : [{
        "url" : "http://hl7.org/fhir/StructureDefinition/structuredefinition-conformance-derivedFrom",
        "valueCanonical" : "http://ig-ichombreastcancer.gabriellesantosleandro.com/ImplementationGuide/hl7.fhir.uv.ichom-breast-cancer"
      }]
    }
  },
  {
    "url" : "http://hl7.org/fhir/StructureDefinition/structuredefinition-standards-status",
    "valueCode" : "trial-use",
    "_valueCode" : {
      "extension" : [{
        "url" : "http://hl7.org/fhir/StructureDefinition/structuredefinition-conformance-derivedFrom",
        "valueCanonical" : "http://ig-ichombreastcancer.gabriellesantosleandro.com/ImplementationGuide/hl7.fhir.uv.ichom-breast-cancer"
      }]
    }
  }],
  "url" : "http://ig-ichombreastcancer.gabriellesantosleandro.com/ValueSet/ComplicationImpactVS",
  "version" : "1.0.0",
  "name" : "ComplicationImpactVS",
  "title" : "Impact of complication ValueSet",
  "status" : "active",
  "experimental" : false,
  "date" : "2023-11-13T01:02:30-03:00",
  "publisher" : "HL7 International - Clinical Interoperability Council Group",
  "contact" : [{
    "name" : "HL7 International - Clinical Interoperability Council Group",
    "telecom" : [{
      "system" : "url",
      "value" : "http://www.hl7.org/Special/committees/cic"
    }]
  }],
  "description" : "ValueSet of the impact of a complication experienced by the breast cancer patient",
  "jurisdiction" : [{
    "coding" : [{
      "system" : "http://unstats.un.org/unsd/methods/m49/m49.htm",
      "code" : "001",
      "display" : "World"
    }]
  }],
  "copyright" : "This value set includes content from SNOMED CT, which is copyright © 2002+ International Health Terminology Standards Development Organisation (IHTSDO), and distributed by agreement between IHTSDO and HL7. Implementer use of SNOMED CT is not covered by this agreement",
  "compose" : {
    "include" : [{
      "system" : "http://ig-ichombreastcancer.gabriellesantosleandro.com/CodeSystem/ComplicationImpactCodeSystem",
      "concept" : [{
        "code" : "no-complication",
        "display" : "No complication"
      },
      {
        "code" : "prolonged-hospitalization",
        "display" : "Complication leading to prolonged hospitalization (>14days)"
      },
      {
        "code" : "treatment-discontinuation",
        "display" : "Complication leading to discontinuing of treatment"
      },
      {
        "code" : "no-changes",
        "display" : "Complication, but did not result in any of the abovementioned"
      }]
    },
    {
      "system" : "http://snomed.info/sct",
      "concept" : [{
        "code" : "240917005",
        "display" : "Interventional radiology"
      },
      {
        "code" : "303577009",
        "display" : "Interventional debulking surgery"
      },
      {
        "code" : "417005",
        "display" : "Hospital re-admission"
      },
      {
        "code" : "397945004",
        "display" : "Unexpected admission to intensive care unit"
      },
      {
        "code" : "182879007",
        "display" : "Medication decreased"
      },
      {
        "code" : "419620001",
        "display" : "Death"
      }]
    },
    {
      "system" : "http://terminology.hl7.org/CodeSystem/v3-NullFlavor",
      "concept" : [{
        "code" : "UNK",
        "display" : "unknown"
      }]
    }]
  }
}