{
  "resourceType" : "ValueSet",
  "id" : "TreatmentPlanFollowedVS",
  "text" : {
    "status" : "generated",
    "div" : "<div xmlns=\"http://www.w3.org/1999/xhtml\"><ul><li>Include these codes as defined in <a href=\"CodeSystem-TreatmentPlanFollowedCodeSystem.html\"><code>http://hl7.org/fhir/uv/ichom-breast-cancer/CodeSystem/TreatmentPlanFollowedCodeSystem</code></a><table class=\"none\"><tr><td style=\"white-space:nowrap\"><b>Code</b></td><td><b>Display</b></td></tr><tr><td><a href=\"CodeSystem-TreatmentPlanFollowedCodeSystem.html#TreatmentPlanFollowedCodeSystem-no\">no</a></td><td>No, not followed</td></tr><tr><td><a href=\"CodeSystem-TreatmentPlanFollowedCodeSystem.html#TreatmentPlanFollowedCodeSystem-yes\">yes</a></td><td>Yes, fully followed</td></tr><tr><td><a href=\"CodeSystem-TreatmentPlanFollowedCodeSystem.html#TreatmentPlanFollowedCodeSystem-some\">some</a></td><td>Some treatments followed</td></tr></table></li></ul></div>"
  },
  "extension" : [{
    "url" : "http://hl7.org/fhir/StructureDefinition/structuredefinition-fmm",
    "valueInteger" : 2,
    "_valueInteger" : {
      "extension" : [{
        "url" : "http://hl7.org/fhir/StructureDefinition/structuredefinition-conformance-derivedFrom",
        "valueCanonical" : "http://hl7.org/fhir/uv/ichom-breast-cancer/ImplementationGuide/hl7.fhir.uv.ichom-breast-cancer"
      }]
    }
  },
  {
    "url" : "http://hl7.org/fhir/StructureDefinition/structuredefinition-standards-status",
    "valueCode" : "trial-use",
    "_valueCode" : {
      "extension" : [{
        "url" : "http://hl7.org/fhir/StructureDefinition/structuredefinition-conformance-derivedFrom",
        "valueCanonical" : "http://hl7.org/fhir/uv/ichom-breast-cancer/ImplementationGuide/hl7.fhir.uv.ichom-breast-cancer"
      }]
    }
  }],
  "url" : "http://hl7.org/fhir/uv/ichom-breast-cancer/ValueSet/TreatmentPlanFollowedVS",
  "version" : "1.0.0",
  "name" : "TreatmentPlanFollowedVS",
  "title" : "Real Treatment Plan Followed ValueSet",
  "status" : "active",
  "experimental" : false,
  "date" : "2023-10-15T00:28:22+00:00",
  "publisher" : "HL7 International - Clinical Interoperability Council Group",
  "contact" : [{
    "name" : "HL7 International - Clinical Interoperability Council Group",
    "telecom" : [{
      "system" : "url",
      "value" : "http://www.hl7.org/Special/committees/cic"
    }]
  }],
  "description" : "Valueset of if the patient followed the multidisciplinary recommended treatment plan",
  "jurisdiction" : [{
    "coding" : [{
      "system" : "http://unstats.un.org/unsd/methods/m49/m49.htm",
      "code" : "001",
      "display" : "World"
    }]
  }],
  "compose" : {
    "include" : [{
      "system" : "http://hl7.org/fhir/uv/ichom-breast-cancer/CodeSystem/TreatmentPlanFollowedCodeSystem",
      "concept" : [{
        "code" : "no",
        "display" : "No, not followed"
      },
      {
        "code" : "yes",
        "display" : "Yes, fully followed"
      },
      {
        "code" : "some",
        "display" : "Some treatments followed"
      }]
    }]
  }
}